cell_global_id,cell_folder,aging_condition,aging_temperature_C,rpt_id_from_filename,source_file,channel,channel_num,rpt_id,window_start_s,window_end_s,project_mode,dcir_project_ohm,dcir_project_window_mean_ohm,dcir_project_window_median_ohm,dcir_project_window_std_ohm,dcir_project_window_min_ohm,dcir_project_window_max_ohm,dcir_project_window_start_ohm,dcir_project_window_end_ohm,dcir_project_window_n,dcir_soc50_3a_charge_window_mean_ohm,dcir_soc50_3a_discharge_window_mean_ohm,dcir_soc50_3a_pair_window_mean_ohm,soc50_3a_charge_step,soc50_3a_discharge_step,soc50_3a_repeat,dcir_soc00_window_mean_ohm,dcir_soc00_window_median_ohm,dcir_soc00_window_std_ohm,dcir_soc00_window_start_ohm,dcir_soc00_window_end_ohm,dcir_soc10_window_mean_ohm,dcir_soc10_window_median_ohm,dcir_soc10_window_std_ohm,dcir_soc10_window_start_ohm,dcir_soc10_window_end_ohm,dcir_soc20_window_mean_ohm,dcir_soc20_window_median_ohm,dcir_soc20_window_std_ohm,dcir_soc20_window_start_ohm,dcir_soc20_window_end_ohm,dcir_soc30_window_mean_ohm,dcir_soc30_window_median_ohm,dcir_soc30_window_std_ohm,dcir_soc30_window_start_ohm,dcir_soc30_window_end_ohm,dcir_soc40_window_mean_ohm,dcir_soc40_window_median_ohm,dcir_soc40_window_std_ohm,dcir_soc40_window_start_ohm,dcir_soc40_window_end_ohm,dcir_soc50_window_mean_ohm,dcir_soc50_window_median_ohm,dcir_soc50_window_std_ohm,dcir_soc50_window_start_ohm,dcir_soc50_window_end_ohm,dcir_soc60_window_mean_ohm,dcir_soc60_window_median_ohm,dcir_soc60_window_std_ohm,dcir_soc60_window_start_ohm,dcir_soc60_window_end_ohm,dcir_soc70_window_mean_ohm,dcir_soc70_window_median_ohm,dcir_soc70_window_std_ohm,dcir_soc70_window_start_ohm,dcir_soc70_window_end_ohm,dcir_soc80_window_mean_ohm,dcir_soc80_window_median_ohm,dcir_soc80_window_std_ohm,dcir_soc80_window_start_ohm,dcir_soc80_window_end_ohm,status,cell_channel_match
1,1. LOW C@ 25°C #1,LOW C@ 25°C #1,25.0,0,/content/drive/MyDrive/Battery raw data/RPT Data/1. LOW C@ 25°C #1/0.csv,M01Ch001[001],1,0,8.0,10.0,discharge,0.022888888888888886,0.022888888888888886,0.022999999999999982,0.0005091750772172594,0.02233333333333339,0.02333333333333328,0.02233333333333339,0.02333333333333328,3,0.023888888888888873,0.022888888888888886,0.02272222222222221,37,39,1,0.08999999999999952,0.08999999999999952,2.651347637902923e-16,0.08999999999999934,0.08999999999999972,0.029999999999999565,0.029999999999999565,1.3247655120144353e-16,0.02999999999999947,0.02999999999999966,0.024999999999999283,0.024999999999999283,2.600465634695002e-16,0.0249999999999991,0.024999999999999467,0.0233333333333328,0.0233333333333328,2.600465634695002e-16,0.023333333333332616,0.023333333333332984,0.023333333333333633,0.023333333333333633,1.3247655120144353e-16,0.02333333333333354,0.023333333333333726,0.025000000000000116,0.025000000000000116,1.3247655120144353e-16,0.025000000000000022,0.02500000000000021,0.024999999999999283,0.024999999999999283,2.600465634695002e-16,0.0249999999999991,0.024999999999999467,0.02166666666666715,0.02166666666666715,1.3247655120144353e-16,0.021666666666667056,0.021666666666667243,0.023333333333334094,0.023333333333334094,5.225521552224742e-16,0.023333333333334465,0.023333333333333726,OK,True
1,1. LOW C@ 25°C #1,LOW C@ 25°C #1,25.0,1,/content/drive/MyDrive/Battery raw data/RPT Data/1. LOW C@ 25°C #1/1.csv,M01Ch001[001],1,1,8.0,10.0,discharge,0.02411111111111112,0.02411111111111112,0.02400000000000002,0.0005091750772172594,0.023666666666666725,0.024666666666666615,0.023666666666666725,0.024666666666666615,3,0.025111111111111112,0.02411111111111112,0.02394444444444445,37,39,1,0.08999999999999952,0.08999999999999952,2.651347637902923e-16,0.08999999999999934,0.08999999999999972,0.029999999999999565,0.029999999999999565,1.3247655120144353e-16,0.02999999999999947,0.02999999999999966,0.0266666666666666,0.0266666666666666,1.3247655120144353e-16,0.026666666666666505,0.026666666666666693,0.025000000000000116,0.025000000000000116,1.3247655120144353e-16,0.025000000000000022,0.02500000000000021,0.025000000000000116,0.025000000000000116,1.3247655120144353e-16,0.025000000000000022,0.02500000000000021,0.0266666666666666,0.0266666666666666,1.3247655120144353e-16,0.026666666666666505,0.026666666666666693,0.025000000000000116,0.025000000000000116,1.3247655120144353e-16,0.025000000000000022,0.02500000000000021,0.0233333333333328,0.0233333333333328,2.600465634695002e-16,0.023333333333332616,0.023333333333332984,0.023333333333334094,0.023333333333334094,5.225521552224742e-16,0.023333333333334465,0.023333333333333726,OK,True
1,1. LOW C@ 25°C #1,LOW C@ 25°C #1,25.0,2,/content/drive/MyDrive/Battery raw data/RPT Data/1. LOW C@ 25°C #1/2.csv,M01Ch001[001],1,2,8.0,10.0,discharge,0.025111111111111157,0.025111111111111157,0.02500000000000006,0.0005091750772172594,0.024666666666666764,0.025666666666666654,0.024666666666666764,0.025666666666666654,3,0.026333333333333295,0.025111111111111157,0.025055555555555557,37,39,1,0.09166666666666684,0.09166666666666684,1.2794688166302258e-16,0.09166666666666676,0.09166666666666694,0.031666666666666884,0.031666666666666884,0.0,0.031666666666666884,0.031666666666666884,0.0266666666666666,0.0266666666666666,1.3247655120144353e-16,0.026666666666666505,0.026666666666666693,0.0266666666666666,0.0266666666666666,1.3247655120144353e-16,0.026666666666666505,0.026666666666666693,0.0266666666666666,0.0266666666666666,1.3247655120144353e-16,0.026666666666666505,0.026666666666666693,0.028333333333333082,0.028333333333333082,1.3247655120144353e-16,0.02833333333333299,0.028333333333333176,0.0266666666666666,0.0266666666666666,1.3247655120144353e-16,0.026666666666666505,0.026666666666666693,0.024999999999999283,0.024999999999999283,2.600465634695002e-16,0.0249999999999991,0.024999999999999467,0.024999999999999283,0.024999999999999283,2.600465634695002e-16,0.0249999999999991,0.024999999999999467,OK,True
1,1. LOW C@ 25°C #1,LOW C@ 25°C #1,25.0,3,/content/drive/MyDrive/Battery raw data/RPT Data/1. LOW C@ 25°C #1/3.csv,M01Ch001[001],1,3,8.0,10.0,discharge,0.026111111111111144,0.026111111111111144,0.026000000000000096,0.0005091750772173231,0.025666666666666654,0.02666666666666669,0.025666666666666654,0.02666666666666669,3,0.026999999999999937,0.026111111111111144,0.025888888888888874,37,39,1,0.09333333333333332,0.09333333333333332,1.2794688166302258e-16,0.09333333333333324,0.09333333333333342,0.03333333333333337,0.03333333333333337,0.0,0.03333333333333337,0.03333333333333337,0.028333333333333082,0.028333333333333082,1.3247655120144353e-16,0.02833333333333299,0.028333333333333176,0.0266666666666666,0.0266666666666666,1.3247655120144353e-16,0.026666666666666505,0.026666666666666693,0.029999999999999565,0.029999999999999565,1.3247655120144353e-16,0.02999999999999947,0.02999999999999966,0.029999999999999565,0.029999999999999565,1.3247655120144353e-16,0.02999999999999947,0.02999999999999966,0.0266666666666666,0.0266666666666666,1.3247655120144353e-16,0.026666666666666505,0.026666666666666693,0.02666666666666706,0.02666666666666706,5.225521552224742e-16,0.02666666666666743,0.026666666666666693,0.024999999999999283,0.024999999999999283,2.600465634695002e-16,0.0249999999999991,0.024999999999999467,OK,True
1,1. LOW C@ 25°C #1,LOW C@ 25°C #1,25.0,4,/content/drive/MyDrive/Battery raw data/RPT Data/1. LOW C@ 25°C #1/4.csv,M01Ch001[001],1,4,8.0,10.0,discharge,0.026888888888888934,0.026888888888888934,0.026999999999999986,0.0005091750772173246,0.026333333333333393,0.02733333333333343,0.026333333333333393,0.02733333333333343,3,0.027666666666666628,0.026888888888888934,0.026611111111111117,37,39,1,0.09333333333333332,0.09333333333333332,1.2794688166302258e-16,0.09333333333333324,0.09333333333333342,0.03333333333333337,0.03333333333333337,0.0,0.03333333333333337,0.03333333333333337,0.028333333333333082,0.028333333333333082,1.3247655120144353e-16,0.02833333333333299,0.028333333333333176,0.0266666666666666,0.0266666666666666,1.3247655120144353e-16,0.026666666666666505,0.026666666666666693,0.029999999999999565,0.029999999999999565,1.3247655120144353e-16,0.02999999999999947,0.02999999999999966,0.029999999999999565,0.029999999999999565,1.3247655120144353e-16,0.02999999999999947,0.02999999999999966,0.0266666666666666,0.0266666666666666,1.3247655120144353e-16,0.026666666666666505,0.026666666666666693,0.02833333333333225,0.02833333333333225,2.600465634695002e-16,0.028333333333332066,0.028333333333332433,0.028333333333333915,0.028333333333333915,0.0,0.028333333333333915,0.028333333333333915,OK,True
1,1. LOW C@ 25°C #1,LOW C@ 25°C #1,25.0,5,/content/drive/MyDrive/Battery raw data/RPT Data/1. LOW C@ 25°C #1/5.csv,M01Ch001[001],1,5,8.0,10.0,discharge,0.027555555555555628,0.027555555555555628,0.027666666666666728,0.0005091750772172594,0.027000000000000135,0.028000000000000025,0.027000000000000135,0.028000000000000025,3,0.02855555555555547,0.027555555555555628,0.027388888888888883,37,39,1,0.09500000000000064,0.09500000000000064,0.0,0.09500000000000064,0.09500000000000064,0.03333333333333337,0.03333333333333337,0.0,0.03333333333333337,0.03333333333333337,0.028333333333333082,0.028333333333333082,1.3247655120144353e-16,0.02833333333333299,0.028333333333333176,0.028333333333333082,0.028333333333333082,1.3247655120144353e-16,0.02833333333333299,0.028333333333333176,0.031666666666666884,0.031666666666666884,0.0,0.031666666666666884,0.031666666666666884,0.03166666666666605,0.03166666666666605,1.3256738189514616e-16,0.031666666666665955,0.03166666666666614,0.028333333333333082,0.028333333333333082,1.3247655120144353e-16,0.02833333333333299,0.028333333333333176,0.028333333333333915,0.028333333333333915,0.0,0.028333333333333915,0.028333333333333915,0.030000000000000027,0.030000000000000027,5.225521552224742e-16,0.030000000000000398,0.02999999999999966,OK,True
1,1. LOW C@ 25°C #1,LOW C@ 25°C #1,25.0,6,/content/drive/MyDrive/Battery raw data/RPT Data/1. LOW C@ 25°C #1/6.csv,M01Ch001[001],1,6,8.0,10.0,discharge,0.029310780011036697,0.029310780011036697,0.02933333333333336,0.0004998850726012693,0.028800000000000086,0.029799006699776646,0.028800000000000086,0.029799006699776646,3,0.030099672973863897,0.029310780011036697,0.029021899912779245,37,39,1,0.09983333333333316,0.09983333333333316,1.2794688166302258e-16,0.09983333333333326,0.09983333333333308,0.03333333333333337,0.03333333333333337,0.0,0.03333333333333337,0.03333333333333337,0.03133333333333303,0.03133333333333303,2.6009284745375385e-16,0.03133333333333321,0.031333333333332845,0.03100000000000038,0.03100000000000038,1.3004642372687692e-16,0.03100000000000047,0.031000000000000288,0.032999999999999884,0.032999999999999884,2.6495310240288706e-16,0.032999999999999696,0.03300000000000007,0.03416666666666642,0.03416666666666642,2.6495310240288706e-16,0.03416666666666661,0.034166666666666234,0.03049999999999997,0.03049999999999997,0.0,0.03049999999999997,0.03049999999999997,0.02983333333333301,0.02983333333333301,5.225521552224742e-16,0.02983333333333264,0.02983333333333338,0.03333333333333299,0.03333333333333299,5.250225931237847e-16,0.03333333333333337,0.033333333333332625,OK,True
1,1. LOW C@ 25°C #1,LOW C@ 25°C #1,25.0,7,/content/drive/MyDrive/Battery raw data/RPT Data/1. LOW C@ 25°C #1/7.csv,M01Ch001[001],1,7,8.0,10.0,discharge,0.031077426678369987,0.031077426678369987,0.031100000000000055,0.0005331651984969127,0.030533333333333374,0.03159894670177653,0.030533333333333374,0.03159894670177653,3,0.03186631223403658,0.031077426678369987,0.03075521046871443,37,39,1,0.10466666666666606,0.10466666666666606,2.5514002453611344e-16,0.10466666666666588,0.10466666666666624,0.03483333333333376,0.03483333333333376,2.6009284745375385e-16,0.03483333333333394,0.03483333333333357,0.03333333333333337,0.03333333333333337,0.0,0.03333333333333337,0.03333333333333337,0.03316666666666644,0.03316666666666644,1.3256738189514616e-16,0.03316666666666653,0.033166666666666345,0.03533333333333333,0.03533333333333333,2.6009284745375385e-16,0.035333333333333515,0.03533333333333315,0.03633333333333285,0.03633333333333285,2.6495310240288706e-16,0.03633333333333266,0.03633333333333304,0.03283333333333379,0.03283333333333379,0.0,0.03283333333333379,0.03283333333333379,0.03183333333333298,0.03183333333333298,2.6009284745375385e-16,0.03183333333333279,0.03183333333333316,0.03650000000000061,0.03650000000000061,2.6495310240288706e-16,0.03650000000000042,0.036500000000000796,OK,True
2,2. LOW C@ 25°C #2,LOW C@ 25°C #2,25.0,0,/content/drive/MyDrive/Battery raw data/RPT Data/2. LOW C@ 25°C #2/0.csv,M01Ch002[002],2,0,8.0,10.0,discharge,0.022666666666666686,0.022666666666666686,0.022666666666666686,0.0003333333333332966,0.02233333333333339,0.022999999999999982,0.02233333333333339,0.022999999999999982,3,0.02399999999999997,0.022666666666666686,0.022666666666666658,37,39,1,0.08999999999999952,0.08999999999999952,2.651347637902923e-16,0.08999999999999934,0.08999999999999972,0.031666666666666884,0.031666666666666884,0.0,0.031666666666666884,0.031666666666666884,0.025000000000000116,0.025000000000000116,1.3247655120144353e-16,0.025000000000000022,0.02500000000000021,0.023333333333333633,0.023333333333333633,1.3247655120144353e-16,0.02333333333333354,0.023333333333333726,0.025000000000000116,0.025000000000000116,1.3247655120144353e-16,0.025000000000000022,0.02500000000000021,0.0266666666666666,0.0266666666666666,1.3247655120144353e-16,0.026666666666666505,0.026666666666666693,0.0266666666666666,0.0266666666666666,1.3247655120144353e-16,0.026666666666666505,0.026666666666666693,0.02166666666666715,0.02166666666666715,1.3247655120144353e-16,0.021666666666667056,0.021666666666667243,0.023333333333334094,0.023333333333334094,5.225521552224742e-16,0.023333333333334465,0.023333333333333726,OK,True
2,2. LOW C@ 25°C #2,LOW C@ 25°C #2,25.0,1,/content/drive/MyDrive/Battery raw data/RPT Data/2. LOW C@ 25°C #2/1.csv,M01Ch002[002],2,1,8.0,10.0,discharge,0.024444444444444467,0.024444444444444467,0.024333333333333318,0.0005091750772173409,0.02400000000000002,0.02500000000000006,0.02400000000000002,0.02500000000000006,3,0.02533333333333331,0.024444444444444467,0.024222222222222218,37,39,1,0.08999999999999952,0.08999999999999952,2.651347637902923e-16,0.08999999999999934,0.08999999999999972,0.030000000000000398,0.030000000000000398,0.0,0.030000000000000398,0.030000000000000398,0.0266666666666666,0.0266666666666666,1.3247655120144353e-16,0.026666666666666505,0.026666666666666693,0.024999999999999283,0.024999999999999283,2.600465634695002e-16,0.0249999999999991,0.024999999999999467,0.0266666666666666,0.0266666666666666,1.3247655120144353e-16,0.026666666666666505,0.026666666666666693,0.0266666666666666,0.0266666666666666,1.3247655120144353e-16,0.026666666666666505,0.026666666666666693,0.024999999999999283,0.024999999999999283,2.600465634695002e-16,0.0249999999999991,0.024999999999999467,0.024999999999999283,0.024999999999999283,2.600465634695002e-16,0.0249999999999991,0.024999999999999467,0.02333333333333243,0.02333333333333243,2.6251129656189234e-16,0.023333333333332616,0.023333333333332245,OK,True
2,2. LOW C@ 25°C #2,LOW C@ 25°C #2,25.0,2,/content/drive/MyDrive/Battery raw data/RPT Data/2. LOW C@ 25°C #2/2.csv,M01Ch002[002],2,2,8.0,10.0,discharge,0.025777777777777802,0.025777777777777802,0.025666666666666654,0.0005091750772173389,0.025333333333333357,0.026333333333333393,0.025333333333333357,0.026333333333333393,3,0.026777777777777737,0.025777777777777802,0.025611111111111102,37,39,1,0.09166666666666601,0.09166666666666601,2.651347637902923e-16,0.09166666666666583,0.0916666666666662,0.031666666666666884,0.031666666666666884,0.0,0.031666666666666884,0.031666666666666884,0.028333333333333082,0.028333333333333082,1.3247655120144353e-16,0.02833333333333299,0.028333333333333176,0.0266666666666666,0.0266666666666666,1.3247655120144353e-16,0.026666666666666505,0.026666666666666693,0.028333333333333082,0.028333333333333082,1.3247655120144353e-16,0.02833333333333299,0.028333333333333176,0.030000000000000398,0.030000000000000398,0.0,0.030000000000000398,0.030000000000000398,0.025000000000000116,0.025000000000000116,1.3247655120144353e-16,0.025000000000000022,0.02500000000000021,0.02666666666666706,0.02666666666666706,5.225521552224742e-16,0.02666666666666743,0.026666666666666693,0.024999999999999283,0.024999999999999283,2.600465634695002e-16,0.0249999999999991,0.024999999999999467,OK,True
2,2. LOW C@ 25°C #2,LOW C@ 25°C #2,25.0,3,/content/drive/MyDrive/Battery raw data/RPT Data/2. LOW C@ 25°C #2/3.csv,M01Ch002[002],2,3,8.0,10.0,discharge,0.026777777777777834,0.026777777777777834,0.02666666666666669,0.0005091750772173409,0.026333333333333393,0.02733333333333343,0.026333333333333393,0.02733333333333343,3,0.027444444444444428,0.026777777777777834,0.02644444444444447,37,39,1,0.09333333333333332,0.09333333333333332,1.2794688166302258e-16,0.09333333333333324,0.09333333333333342,0.03333333333333337,0.03333333333333337,0.0,0.03333333333333337,0.03333333333333337,0.028333333333333915,0.028333333333333915,0.0,0.028333333333333915,0.028333333333333915,0.028333333333333915,0.028333333333333915,0.0,0.028333333333333915,0.028333333333333915,0.028333333333333082,0.028333333333333082,1.3247655120144353e-16,0.02833333333333299,0.028333333333333176,0.029999999999999565,0.029999999999999565,1.3247655120144353e-16,0.02999999999999947,0.02999999999999966,0.0266666666666666,0.0266666666666666,1.3247655120144353e-16,0.026666666666666505,0.026666666666666693,0.02666666666666706,0.02666666666666706,5.225521552224742e-16,0.02666666666666743,0.026666666666666693,0.02666666666666706,0.02666666666666706,5.225521552224742e-16,0.02666666666666743,0.026666666666666693,OK,True
2,2. LOW C@ 25°C #2,LOW C@ 25°C #2,25.0,4,/content/drive/MyDrive/Battery raw data/RPT Data/2. LOW C@ 25°C #2/4.csv,M01Ch002[002],2,4,8.0,10.0,discharge,0.027555555555555628,0.027555555555555628,0.027666666666666728,0.0005091750772172594,0.027000000000000135,0.028000000000000025,0.027000000000000135,0.028000000000000025,3,0.028666666666666566,0.027555555555555628,0.027444444444444435,37,39,1,0.0949999999999998,0.0949999999999998,1.2794688166302258e-16,0.09499999999999972,0.0949999999999999,0.03333333333333337,0.03333333333333337,0.0,0.03333333333333337,0.03333333333333337,0.029999999999999565,0.029999999999999565,1.3247655120144353e-16,0.02999999999999947,0.02999999999999966,0.028333333333333082,0.028333333333333082,1.3247655120144353e-16,0.02833333333333299,0.028333333333333176,0.030000000000000398,0.030000000000000398,0.0,0.030000000000000398,0.030000000000000398,0.03166666666666605,0.03166666666666605,1.3256738189514616e-16,0.031666666666665955,0.03166666666666614,0.028333333333333082,0.028333333333333082,1.3247655120144353e-16,0.02833333333333299,0.028333333333333176,0.02833333333333225,0.02833333333333225,2.600465634695002e-16,0.028333333333332066,0.028333333333332433,0.028333333333333915,0.028333333333333915,0.0,0.028333333333333915,0.028333333333333915,OK,True
2,2. LOW C@ 25°C #2,LOW C@ 25°C #2,25.0,5,/content/drive/MyDrive/Battery raw data/RPT Data/2. LOW C@ 25°C #2/5.csv,M01Ch002[002],2,5,8.0,10.0,discharge,0.02844444444444442,0.02844444444444442,0.02833333333333332,0.0005091750772172594,0.028000000000000025,0.028999999999999915,0.028000000000000025,0.028999999999999915,3,0.029666666666666706,0.02844444444444442,0.028388888888888894,37,39,1,0.09666666666666629,0.09666666666666629,1.2794688166302258e-16,0.0966666666666662,0.09666666666666639,0.03499999999999985,0.03499999999999985,0.0,0.03499999999999985,0.03499999999999985,0.031666666666666884,0.031666666666666884,0.0,0.031666666666666884,0.031666666666666884,0.028333333333333082,0.028333333333333082,1.3247655120144353e-16,0.02833333333333299,0.028333333333333176,0.03166666666666605,0.03166666666666605,1.3256738189514616e-16,0.031666666666665955,0.03166666666666614,0.031666666666666884,0.031666666666666884,0.0,0.031666666666666884,0.031666666666666884,0.030000000000000398,0.030000000000000398,0.0,0.030000000000000398,0.030000000000000398,0.03000000000000077,0.03000000000000077,5.225521552224742e-16,0.030000000000000398,0.030000000000001137,0.030000000000000027,0.030000000000000027,5.225521552224742e-16,0.030000000000000398,0.02999999999999966,OK,True
2,2. LOW C@ 25°C #2,LOW C@ 25°C #2,25.0,6,/content/drive/MyDrive/Battery raw data/RPT Data/2. LOW C@ 25°C #2/6.csv,M01Ch002[002],2,6,8.0,10.0,discharge,0.030443108259199474,0.030443108259199474,0.030465651144961733,0.000501876372079847,0.02993034029930336,0.03093333333333333,0.02993034029930336,0.03093333333333333,3,0.03134236164334422,0.030443108259199474,0.030226111042216567,37,39,1,0.1013333333333331,0.1013333333333331,2.5514002453611344e-16,0.10133333333333291,0.10133333333333328,0.03516666666666678,0.03516666666666678,1.3256738189514616e-16,0.03516666666666668,0.03516666666666687,0.03283333333333379,0.03283333333333379,0.0,0.03283333333333379,0.03283333333333379,0.03200000000000036,0.03200000000000036,2.6009284745375385e-16,0.03200000000000055,0.03200000000000018,0.033999999999999864,0.033999999999999864,1.3256738189514616e-16,0.03399999999999977,0.03399999999999996,0.03516666666666678,0.03516666666666678,1.3256738189514616e-16,0.03516666666666668,0.03516666666666687,0.03166138976837132,0.03166138976837132,1.3256738189514616e-16,0.031661389768371226,0.03166138976837141,0.031166666666666936,0.031166666666666936,5.249996658723873e-16,0.031166666666667307,0.031166666666666565,0.03416666666666679,0.03416666666666679,2.6009284745375385e-16,0.03416666666666661,0.03416666666666698,OK,True
2,2. LOW C@ 25°C #2,LOW C@ 25°C #2,25.0,7,/content/drive/MyDrive/Battery raw data/RPT Data/2. LOW C@ 25°C #2/7.csv,M01Ch002[002],2,7,8.0,10.0,discharge,0.032543014242307426,0.032543014242307426,0.03256341032563414,0.0005019291777715279,0.032031197920138754,0.033034434481149365,0.032031197920138754,0.033034434481149365,3,0.03328556033285559,0.032543014242307426,0.032231014822541364,37,39,1,0.1066488918513583,0.1066488918513583,1.3738309013483032e-16,0.1066488918513584,0.1066488918513582,0.03699999999999981,0.03699999999999981,2.6009284745375385e-16,0.037,0.03699999999999963,0.03499999999999985,0.03499999999999985,0.0,0.03499999999999985,0.03499999999999985,0.034827528745208725,0.034827528745208725,1.3256738189514616e-16,0.034827528745208815,0.03482752874520863,0.03716666666666674,0.03716666666666674,1.3256738189514616e-16,0.037166666666666834,0.037166666666666646,0.03816666666666709,0.03816666666666709,2.6495310240288706e-16,0.038166666666666904,0.03816666666666728,0.034166666666665124,0.034166666666665124,5.250225931237847e-16,0.034166666666664756,0.0341666666666655,0.033666666666666845,0.033666666666666845,2.6009284745375385e-16,0.03366666666666703,0.033666666666666664,0.03833333333333448,0.03833333333333448,2.6009284745375385e-16,0.03833333333333466,0.038333333333334295,OK,True
3,3. LOW C@ 25°C #3,LOW C@ 25°C #3,25.0,0,/content/drive/MyDrive/Battery raw data/RPT Data/3. LOW C@ 25°C #3/0.csv,M01Ch003[003],3,0,8.0,10.0,discharge,0.023444444444444424,0.023444444444444424,0.02333333333333328,0.0005091750772173409,0.022999999999999982,0.02400000000000002,0.022999999999999982,0.02400000000000002,3,0.024555555555555515,0.023444444444444424,0.023166666666666655,37,39,1,0.08833333333333304,0.08833333333333304,2.651347637902923e-16,0.08833333333333286,0.08833333333333324,0.031666666666666884,0.031666666666666884,0.0,0.031666666666666884,0.031666666666666884,0.0266666666666666,0.0266666666666666,1.3247655120144353e-16,0.026666666666666505,0.026666666666666693,0.025000000000000116,0.025000000000000116,1.3247655120144353e-16,0.025000000000000022,0.02500000000000021,0.025000000000000116,0.025000000000000116,1.3247655120144353e-16,0.025000000000000022,0.02500000000000021,0.025000000000000116,0.025000000000000116,1.3247655120144353e-16,0.025000000000000022,0.02500000000000021,0.0266666666666666,0.0266666666666666,1.3247655120144353e-16,0.026666666666666505,0.026666666666666693,0.023333333333333633,0.023333333333333633,1.3247655120144353e-16,0.02333333333333354,0.023333333333333726,0.023333333333334094,0.023333333333334094,5.225521552224742e-16,0.023333333333334465,0.023333333333333726,OK,True
3,3. LOW C@ 25°C #3,LOW C@ 25°C #3,25.0,1,/content/drive/MyDrive/Battery raw data/RPT Data/3. LOW C@ 25°C #3/1.csv,M01Ch003[003],3,1,8.0,10.0,discharge,0.024222222222222218,0.024222222222222218,0.024333333333333318,0.0005091750772172594,0.023666666666666725,0.024666666666666615,0.023666666666666725,0.024666666666666615,3,0.025000000000000012,0.024222222222222218,0.02394444444444445,37,39,1,0.09000000000000036,0.09000000000000036,1.2794688166302258e-16,0.09000000000000027,0.09000000000000045,0.029999999999999565,0.029999999999999565,1.3247655120144353e-16,0.02999999999999947,0.02999999999999966,0.0266666666666666,0.0266666666666666,1.3247655120144353e-16,0.026666666666666505,0.026666666666666693,0.024999999999999283,0.024999999999999283,2.600465634695002e-16,0.0249999999999991,0.024999999999999467,0.024999999999999283,0.024999999999999283,2.600465634695002e-16,0.0249999999999991,0.024999999999999467,0.0266666666666666,0.0266666666666666,1.3247655120144353e-16,0.026666666666666505,0.026666666666666693,0.025000000000000116,0.025000000000000116,1.3247655120144353e-16,0.025000000000000022,0.02500000000000021,0.024999999999999283,0.024999999999999283,2.600465634695002e-16,0.0249999999999991,0.024999999999999467,0.02333333333333243,0.02333333333333243,2.6251129656189234e-16,0.023333333333332616,0.023333333333332245,OK,True
3,3. LOW C@ 25°C #3,LOW C@ 25°C #3,25.0,2,/content/drive/MyDrive/Battery raw data/RPT Data/3. LOW C@ 25°C #3/2.csv,M01Ch003[003],3,2,8.0,10.0,discharge,0.025333333333333357,0.025333333333333357,0.025333333333333357,0.0003333333333332966,0.02500000000000006,0.025666666666666654,0.02500000000000006,0.025666666666666654,3,0.026333333333333295,0.025333333333333357,0.025166666666666657,37,39,1,0.09166666666666601,0.09166666666666601,2.651347637902923e-16,0.09166666666666583,0.0916666666666662,0.031666666666666884,0.031666666666666884,0.0,0.031666666666666884,0.031666666666666884,0.0266666666666666,0.0266666666666666,1.3247655120144353e-16,0.026666666666666505,0.026666666666666693,0.025000000000000116,0.025000000000000116,1.3247655120144353e-16,0.025000000000000022,0.02500000000000021,0.0266666666666666,0.0266666666666666,1.3247655120144353e-16,0.026666666666666505,0.026666666666666693,0.030000000000000398,0.030000000000000398,0.0,0.030000000000000398,0.030000000000000398,0.024999999999999283,0.024999999999999283,2.600465634695002e-16,0.0249999999999991,0.024999999999999467,0.02666666666666706,0.02666666666666706,5.225521552224742e-16,0.02666666666666743,0.026666666666666693,0.024999999999999283,0.024999999999999283,2.600465634695002e-16,0.0249999999999991,0.024999999999999467,OK,True
3,3. LOW C@ 25°C #3,LOW C@ 25°C #3,25.0,3,/content/drive/MyDrive/Battery raw data/RPT Data/3. LOW C@ 25°C #3/3.csv,M01Ch003[003],3,3,8.0,10.0,discharge,0.026111111111111144,0.026111111111111144,0.026000000000000096,0.0005091750772173231,0.025666666666666654,0.02666666666666669,0.025666666666666654,0.02666666666666669,3,0.026999999999999937,0.026111111111111144,0.025888888888888874,37,39,1,0.09166666666666684,0.09166666666666684,1.2794688166302258e-16,0.09166666666666676,0.09166666666666694,0.03333333333333337,0.03333333333333337,0.0,0.03333333333333337,0.03333333333333337,0.0266666666666666,0.0266666666666666,1.3247655120144353e-16,0.026666666666666505,0.026666666666666693,0.0266666666666666,0.0266666666666666,1.3247655120144353e-16,0.026666666666666505,0.026666666666666693,0.028333333333333082,0.028333333333333082,1.3247655120144353e-16,0.02833333333333299,0.028333333333333176,0.030000000000000398,0.030000000000000398,0.0,0.030000000000000398,0.030000000000000398,0.0266666666666666,0.0266666666666666,1.3247655120144353e-16,0.026666666666666505,0.026666666666666693,0.02666666666666706,0.02666666666666706,5.225521552224742e-16,0.02666666666666743,0.026666666666666693,0.02500000000000095,0.02500000000000095,0.0,0.02500000000000095,0.02500000000000095,OK,True
3,3. LOW C@ 25°C #3,LOW C@ 25°C #3,25.0,4,/content/drive/MyDrive/Battery raw data/RPT Data/3. LOW C@ 25°C #3/4.csv,M01Ch003[003],3,4,8.0,10.0,discharge,0.026888888888888986,0.026888888888888986,0.027000000000000135,0.0005091750772173409,0.026333333333333393,0.02733333333333343,0.026333333333333393,0.02733333333333343,3,0.02811111111111102,0.026888888888888986,0.026833333333333338,37,39,1,0.0949999999999998,0.0949999999999998,1.2794688166302258e-16,0.09499999999999972,0.0949999999999999,0.03333333333333337,0.03333333333333337,0.0,0.03333333333333337,0.03333333333333337,0.028333333333333082,0.028333333333333082,1.3247655120144353e-16,0.02833333333333299,0.028333333333333176,0.028333333333333915,0.028333333333333915,0.0,0.028333333333333915,0.028333333333333915,0.030000000000000398,0.030000000000000398,0.0,0.030000000000000398,0.030000000000000398,0.030000000000000398,0.030000000000000398,0.0,0.030000000000000398,0.030000000000000398,0.0266666666666666,0.0266666666666666,1.3247655120144353e-16,0.026666666666666505,0.026666666666666693,0.02666666666666706,0.02666666666666706,5.225521552224742e-16,0.02666666666666743,0.026666666666666693,0.02833333333333225,0.02833333333333225,2.600465634695002e-16,0.028333333333332066,0.028333333333332433,OK,True
3,3. LOW C@ 25°C #3,LOW C@ 25°C #3,25.0,5,/content/drive/MyDrive/Battery raw data/RPT Data/3. LOW C@ 25°C #3/5.csv,M01Ch003[003],3,5,8.0,10.0,discharge,0.027888888888888977,0.027888888888888977,0.028000000000000025,0.0005091750772173246,0.02733333333333343,0.02833333333333347,0.02733333333333343,0.02833333333333347,3,0.028888888888888815,0.027888888888888977,0.02772222222222223,37,39,1,0.09666666666666629,0.09666666666666629,1.2794688166302258e-16,0.0966666666666662,0.09666666666666639,0.03333333333333337,0.03333333333333337,0.0,0.03333333333333337,0.03333333333333337,0.029999999999999565,0.029999999999999565,1.3247655120144353e-16,0.02999999999999947,0.02999999999999966,0.028333333333333915,0.028333333333333915,0.0,0.028333333333333915,0.028333333333333915,0.03166666666666605,0.03166666666666605,1.3256738189514616e-16,0.031666666666665955,0.03166666666666614,0.031666666666666884,0.031666666666666884,0.0,0.031666666666666884,0.031666666666666884,0.028333333333333915,0.028333333333333915,0.0,0.028333333333333915,0.028333333333333915,0.02833333333333225,0.02833333333333225,2.600465634695002e-16,0.028333333333332066,0.028333333333332433,0.028333333333333915,0.028333333333333915,0.0,0.028333333333333915,0.028333333333333915,OK,True
3,3. LOW C@ 25°C #3,LOW C@ 25°C #3,25.0,6,/content/drive/MyDrive/Battery raw data/RPT Data/3. LOW C@ 25°C #3/6.csv,M01Ch003[003],3,6,8.0,10.0,discharge,0.029388246709478674,0.029388246709478674,0.029366666666666763,0.0005013117500005582,0.028898073461769216,0.029900000000000038,0.028898073461769216,0.029900000000000038,3,0.030297306935970072,0.029388246709478674,0.029159497503969223,37,39,1,0.0984999999999997,0.0984999999999997,2.651347637902923e-16,0.09849999999999952,0.0984999999999999,0.033666666666666845,0.033666666666666845,2.6009284745375385e-16,0.03366666666666703,0.033666666666666664,0.03099483419430133,0.03099483419430133,1.3247655120144353e-16,0.030994834194301425,0.030994834194301237,0.03033333333333388,0.03033333333333388,2.6251129656189234e-16,0.030333333333334066,0.030333333333333694,0.032500000000000306,0.032500000000000306,2.6009284745375385e-16,0.032500000000000126,0.032500000000000494,0.03332777870354944,0.03332777870354944,0.0,0.03332777870354944,0.03332777870354944,0.030333333333333046,0.030333333333333046,1.3004642372687692e-16,0.03033333333333314,0.030333333333332956,0.030494917513747683,0.030494917513747683,0.0,0.030494917513747683,0.030494917513747683,0.03283333333333379,0.03283333333333379,0.0,0.03283333333333379,0.03283333333333379,OK,True
3,3. LOW C@ 25°C #3,LOW C@ 25°C #3,25.0,7,/content/drive/MyDrive/Battery raw data/RPT Data/3. LOW C@ 25°C #3/7.csv,M01Ch003[003],3,7,8.0,10.0,discharge,0.030554548574329977,0.030554548574329977,0.03056564781173957,0.0005177569447706281,0.03003133124458372,0.03106666666666665,0.03003133124458372,0.03106666666666665,3,0.03134269681869009,0.030554548574329977,0.030298656831809,37,39,1,0.1013333333333331,0.1013333333333331,2.5514002453611344e-16,0.10133333333333291,0.10133333333333328,0.03416666666666642,0.03416666666666642,2.6495310240288706e-16,0.03416666666666661,0.034166666666666234,0.03249999999999994,0.03249999999999994,2.6495310240288706e-16,0.032500000000000126,0.03249999999999975,0.03216666666666729,0.03216666666666729,1.3256738189514616e-16,0.032166666666667384,0.0321666666666672,0.033999999999999864,0.033999999999999864,1.3256738189514616e-16,0.03399999999999977,0.03399999999999996,0.03516666666666678,0.03516666666666678,1.3256738189514616e-16,0.03516666666666668,0.03516666666666687,0.03182802866188933,0.03182802866188933,2.6009284745375385e-16,0.03182802866188914,0.03182802866188951,0.031666666666666884,0.031666666666666884,0.0,0.031666666666666884,0.031666666666666884,0.03566666666666681,0.03566666666666681,5.200931269390004e-16,0.03566666666666718,0.035666666666666444,OK,True
4,4. LOW C@ 25°C #4,LOW C@ 25°C #4,25.0,0,/content/drive/MyDrive/Battery raw data/RPT Data/4. LOW C@ 25°C #4/0.csv,M01Ch004[004],4,0,8.0,10.0,discharge,0.023111111111111127,0.023111111111111127,0.022999999999999982,0.0005091750772173409,0.022666666666666686,0.023666666666666725,0.022666666666666686,0.023666666666666725,3,0.024333333333333266,0.023111111111111127,0.023055555555555534,37,39,1,0.08833333333333304,0.08833333333333304,2.651347637902923e-16,0.08833333333333286,0.08833333333333324,0.030000000000000398,0.030000000000000398,0.0,0.030000000000000398,0.030000000000000398,0.025000000000000116,0.025000000000000116,1.3247655120144353e-16,0.025000000000000022,0.02500000000000021,0.025000000000000116,0.025000000000000116,1.3247655120144353e-16,0.025000000000000022,0.02500000000000021,0.0233333333333328,0.0233333333333328,2.600465634695002e-16,0.023333333333332616,0.023333333333332984,0.0266666666666666,0.0266666666666666,1.3247655120144353e-16,0.026666666666666505,0.026666666666666693,0.0266666666666666,0.0266666666666666,1.3247655120144353e-16,0.026666666666666505,0.026666666666666693,0.021666666666666317,0.021666666666666317,2.600465634695002e-16,0.021666666666666133,0.0216666666666665,0.023333333333334094,0.023333333333334094,5.225521552224742e-16,0.023333333333334465,0.023333333333333726,OK,True
4,4. LOW C@ 25°C #4,LOW C@ 25°C #4,25.0,1,/content/drive/MyDrive/Battery raw data/RPT Data/4. LOW C@ 25°C #4/1.csv,M01Ch004[004],4,1,8.0,10.0,discharge,0.023888888888888873,0.023888888888888873,0.02400000000000002,0.0005091750772173409,0.02333333333333328,0.024333333333333318,0.02333333333333328,0.024333333333333318,3,0.025000000000000012,0.023888888888888873,0.023777777777777773,37,39,1,0.08833333333333304,0.08833333333333304,2.651347637902923e-16,0.08833333333333286,0.08833333333333324,0.030000000000000398,0.030000000000000398,0.0,0.030000000000000398,0.030000000000000398,0.0266666666666666,0.0266666666666666,1.3247655120144353e-16,0.026666666666666505,0.026666666666666693,0.025000000000000116,0.025000000000000116,1.3247655120144353e-16,0.025000000000000022,0.02500000000000021,0.0266666666666666,0.0266666666666666,1.3247655120144353e-16,0.026666666666666505,0.026666666666666693,0.0266666666666666,0.0266666666666666,1.3247655120144353e-16,0.026666666666666505,0.026666666666666693,0.025000000000000116,0.025000000000000116,1.3247655120144353e-16,0.025000000000000022,0.02500000000000021,0.025000000000000116,0.025000000000000116,1.3247655120144353e-16,0.025000000000000022,0.02500000000000021,0.023333333333334094,0.023333333333334094,5.225521552224742e-16,0.023333333333334465,0.023333333333333726,OK,True
4,4. LOW C@ 25°C #4,LOW C@ 25°C #4,25.0,2,/content/drive/MyDrive/Battery raw data/RPT Data/4. LOW C@ 25°C #4/2.csv,M01Ch004[004],4,2,8.0,10.0,discharge,0.025222222222222257,0.025222222222222257,0.025333333333333357,0.0005091750772172594,0.024666666666666764,0.025666666666666654,0.024666666666666764,0.025666666666666654,3,0.026444444444444395,0.025222222222222257,0.025166666666666657,37,39,1,0.09000000000000036,0.09000000000000036,1.2794688166302258e-16,0.09000000000000027,0.09000000000000045,0.031666666666666884,0.031666666666666884,0.0,0.031666666666666884,0.031666666666666884,0.0266666666666666,0.0266666666666666,1.3247655120144353e-16,0.026666666666666505,0.026666666666666693,0.025000000000000116,0.025000000000000116,1.3247655120144353e-16,0.025000000000000022,0.02500000000000021,0.0266666666666666,0.0266666666666666,1.3247655120144353e-16,0.026666666666666505,0.026666666666666693,0.028333333333333082,0.028333333333333082,1.3247655120144353e-16,0.02833333333333299,0.028333333333333176,0.0266666666666666,0.0266666666666666,1.3247655120144353e-16,0.026666666666666505,0.026666666666666693,0.02666666666666706,0.02666666666666706,5.225521552224742e-16,0.02666666666666743,0.026666666666666693,0.02500000000000095,0.02500000000000095,0.0,0.02500000000000095,0.02500000000000095,OK,True
4,4. LOW C@ 25°C #4,LOW C@ 25°C #4,25.0,3,/content/drive/MyDrive/Battery raw data/RPT Data/4. LOW C@ 25°C #4/3.csv,M01Ch004[004],4,3,8.0,10.0,discharge,0.025777777777777802,0.025777777777777802,0.025666666666666654,0.0005091750772173389,0.025333333333333357,0.026333333333333393,0.025333333333333357,0.026333333333333393,3,0.026999999999999937,0.025777777777777802,0.025722222222222202,37,39,1,0.08999999999999952,0.08999999999999952,2.651347637902923e-16,0.08999999999999934,0.08999999999999972,0.03166666666666605,0.03166666666666605,1.3256738189514616e-16,0.031666666666665955,0.03166666666666614,0.0266666666666666,0.0266666666666666,1.3247655120144353e-16,0.026666666666666505,0.026666666666666693,0.0266666666666666,0.0266666666666666,1.3247655120144353e-16,0.026666666666666505,0.026666666666666693,0.029999999999999565,0.029999999999999565,1.3247655120144353e-16,0.02999999999999947,0.02999999999999966,0.030000000000000398,0.030000000000000398,0.0,0.030000000000000398,0.030000000000000398,0.0266666666666666,0.0266666666666666,1.3247655120144353e-16,0.026666666666666505,0.026666666666666693,0.02666666666666706,0.02666666666666706,5.225521552224742e-16,0.02666666666666743,0.026666666666666693,0.02666666666666706,0.02666666666666706,5.225521552224742e-16,0.02666666666666743,0.026666666666666693,OK,True
4,4. LOW C@ 25°C #4,LOW C@ 25°C #4,25.0,4,/content/drive/MyDrive/Battery raw data/RPT Data/4. LOW C@ 25°C #4/4.csv,M01Ch004[004],4,4,8.0,10.0,discharge,0.026888888888888934,0.026888888888888934,0.026999999999999986,0.0005091750772173246,0.026333333333333393,0.02733333333333343,0.026333333333333393,0.02733333333333343,3,0.027666666666666628,0.026888888888888934,0.026611111111111117,37,39,1,0.09333333333333332,0.09333333333333332,1.2794688166302258e-16,0.09333333333333324,0.09333333333333342,0.031666666666666884,0.031666666666666884,0.0,0.031666666666666884,0.031666666666666884,0.028333333333333915,0.028333333333333915,0.0,0.028333333333333915,0.028333333333333915,0.028333333333333082,0.028333333333333082,1.3247655120144353e-16,0.02833333333333299,0.028333333333333176,0.029999999999999565,0.029999999999999565,1.3247655120144353e-16,0.02999999999999947,0.02999999999999966,0.029999999999999565,0.029999999999999565,1.3247655120144353e-16,0.02999999999999947,0.02999999999999966,0.0266666666666666,0.0266666666666666,1.3247655120144353e-16,0.026666666666666505,0.026666666666666693,0.028333333333333915,0.028333333333333915,0.0,0.028333333333333915,0.028333333333333915,0.02666666666666706,0.02666666666666706,5.225521552224742e-16,0.02666666666666743,0.026666666666666693,OK,True
4,4. LOW C@ 25°C #4,LOW C@ 25°C #4,25.0,5,/content/drive/MyDrive/Battery raw data/RPT Data/4. LOW C@ 25°C #4/5.csv,M01Ch004[004],4,5,8.0,10.0,discharge,0.027666666666666728,0.027666666666666728,0.027666666666666728,0.0003333333333332966,0.02733333333333343,0.028000000000000025,0.02733333333333343,0.028000000000000025,3,0.028666666666666566,0.027666666666666728,0.027499999999999983,37,39,1,0.09500000000000064,0.09500000000000064,0.0,0.09500000000000064,0.09500000000000064,0.03333333333333337,0.03333333333333337,0.0,0.03333333333333337,0.03333333333333337,0.030000000000000398,0.030000000000000398,0.0,0.030000000000000398,0.030000000000000398,0.029999999999999565,0.029999999999999565,1.3247655120144353e-16,0.02999999999999947,0.02999999999999966,0.031666666666666884,0.031666666666666884,0.0,0.031666666666666884,0.031666666666666884,0.03166666666666605,0.03166666666666605,1.3256738189514616e-16,0.031666666666665955,0.03166666666666614,0.028333333333333082,0.028333333333333082,1.3247655120144353e-16,0.02833333333333299,0.028333333333333176,0.028333333333333915,0.028333333333333915,0.0,0.028333333333333915,0.028333333333333915,0.028333333333333915,0.028333333333333915,0.0,0.028333333333333915,0.028333333333333915,OK,True
4,4. LOW C@ 25°C #4,LOW C@ 25°C #4,25.0,6,/content/drive/MyDrive/Battery raw data/RPT Data/4. LOW C@ 25°C #4/6.csv,M01Ch004[004],4,6,8.0,10.0,discharge,0.028756183004792903,0.028756183004792903,0.028799999999999937,0.0005004994093441746,0.028235215681045474,0.029233333333333295,0.028235215681045474,0.029233333333333295,3,0.029644444444444532,0.028756183004792903,0.028516977047383065,37,39,1,0.0971666666666667,0.0971666666666667,0.0,0.0971666666666667,0.0971666666666667,0.03266666666666603,0.03266666666666603,0.0,0.03266666666666603,0.03266666666666603,0.030833333333333456,0.030833333333333456,2.6251129656189234e-16,0.03083333333333364,0.030833333333333268,0.03016666666666649,0.03016666666666649,2.600465634695002e-16,0.030166666666666307,0.030166666666666675,0.032166666666666455,0.032166666666666455,0.0,0.032166666666666455,0.032166666666666455,0.03316666666666644,0.03316666666666644,1.3256738189514616e-16,0.03316666666666653,0.033166666666666345,0.02949999999999999,0.02949999999999999,1.3004642372687692e-16,0.029499999999999898,0.02950000000000008,0.029166666666666972,0.029166666666666972,2.6251129656189234e-16,0.029166666666667156,0.029166666666666785,0.031166666666666936,0.031166666666666936,5.249996658723873e-16,0.031166666666667307,0.031166666666666565,OK,True
4,4. LOW C@ 25°C #4,LOW C@ 25°C #4,25.0,7,/content/drive/MyDrive/Battery raw data/RPT Data/4. LOW C@ 25°C #4/7.csv,M01Ch004[004],4,7,8.0,10.0,discharge,0.029711111111111146,0.029711111111111146,0.029733333333333316,0.0005003702332976918,0.029200000000000042,0.030200000000000077,0.029200000000000042,0.030200000000000077,3,0.030532654837431384,0.029711111111111146,0.02943856185730238,37,39,1,0.09900000000000012,0.09900000000000012,1.2794688166302258e-16,0.09900000000000002,0.0990000000000002,0.032999999999999884,0.032999999999999884,2.6495310240288706e-16,0.032999999999999696,0.03300000000000007,0.031661389768372156,0.031661389768372156,0.0,0.031661389768372156,0.031661389768372156,0.031166666666666475,0.031166666666666475,1.3004642372687692e-16,0.03116666666666638,0.031166666666666565,0.03333333333333337,0.03333333333333337,0.0,0.03333333333333337,0.03333333333333337,0.03416666666666642,0.03416666666666642,2.6495310240288706e-16,0.03416666666666661,0.034166666666666234,0.03049999999999997,0.03049999999999997,0.0,0.03049999999999997,0.03049999999999997,0.02983333333333301,0.02983333333333301,5.225521552224742e-16,0.02983333333333264,0.02983333333333338,0.03266666666666603,0.03266666666666603,0.0,0.03266666666666603,0.03266666666666603,OK,True
5,5. LOW C@ 25°C #5,LOW C@ 25°C #5,25.0,0,/content/drive/MyDrive/Battery raw data/RPT Data/5. LOW C@ 25°C #5/0.csv,M01Ch005[005],5,0,8.0,10.0,discharge,0.023333333333333376,0.023333333333333376,0.023333333333333428,0.0003333333333333712,0.022999999999999982,0.023666666666666725,0.022999999999999982,0.023666666666666725,3,0.024333333333333266,0.023333333333333376,0.02316666666666666,37,39,1,0.08833333333333304,0.08833333333333304,2.651347637902923e-16,0.08833333333333286,0.08833333333333324,0.031666666666666884,0.031666666666666884,0.0,0.031666666666666884,0.031666666666666884,0.025000000000000116,0.025000000000000116,1.3247655120144353e-16,0.025000000000000022,0.02500000000000021,0.025000000000000116,0.025000000000000116,1.3247655120144353e-16,0.025000000000000022,0.02500000000000021,0.023333333333333633,0.023333333333333633,1.3247655120144353e-16,0.02333333333333354,0.023333333333333726,0.0266666666666666,0.0266666666666666,1.3247655120144353e-16,0.026666666666666505,0.026666666666666693,0.025000000000000116,0.025000000000000116,1.3247655120144353e-16,0.025000000000000022,0.02500000000000021,0.023333333333333633,0.023333333333333633,1.3247655120144353e-16,0.02333333333333354,0.023333333333333726,0.023333333333334094,0.023333333333334094,5.225521552224742e-16,0.023333333333334465,0.023333333333333726,OK,True
5,5. LOW C@ 25°C #5,LOW C@ 25°C #5,25.0,1,/content/drive/MyDrive/Battery raw data/RPT Data/5. LOW C@ 25°C #5/1.csv,M01Ch005[005],5,1,8.0,10.0,discharge,0.02411111111111112,0.02411111111111112,0.02400000000000002,0.0005091750772172594,0.023666666666666725,0.024666666666666615,0.023666666666666725,0.024666666666666615,3,0.025000000000000012,0.02411111111111112,0.0238888888888889,37,39,1,0.08833333333333304,0.08833333333333304,2.651347637902923e-16,0.08833333333333286,0.08833333333333324,0.031666666666666884,0.031666666666666884,0.0,0.031666666666666884,0.031666666666666884,0.0266666666666666,0.0266666666666666,1.3247655120144353e-16,0.026666666666666505,0.026666666666666693,0.025000000000000116,0.025000000000000116,1.3247655120144353e-16,0.025000000000000022,0.02500000000000021,0.025000000000000116,0.025000000000000116,1.3247655120144353e-16,0.025000000000000022,0.02500000000000021,0.0266666666666666,0.0266666666666666,1.3247655120144353e-16,0.026666666666666505,0.026666666666666693,0.025000000000000116,0.025000000000000116,1.3247655120144353e-16,0.025000000000000022,0.02500000000000021,0.0233333333333328,0.0233333333333328,2.600465634695002e-16,0.023333333333332616,0.023333333333332984,0.023333333333334094,0.023333333333334094,5.225521552224742e-16,0.023333333333334465,0.023333333333333726,OK,True
5,5. LOW C@ 25°C #5,LOW C@ 25°C #5,25.0,2,/content/drive/MyDrive/Battery raw data/RPT Data/5. LOW C@ 25°C #5/2.csv,M01Ch005[005],5,2,8.0,10.0,discharge,0.02500000000000006,0.02500000000000006,0.02500000000000006,0.0003333333333332966,0.024666666666666764,0.025333333333333357,0.024666666666666764,0.025333333333333357,3,0.026333333333333295,0.02500000000000006,0.02500000000000001,37,39,1,0.09166666666666601,0.09166666666666601,2.651347637902923e-16,0.09166666666666583,0.0916666666666662,0.03166666666666605,0.03166666666666605,1.3256738189514616e-16,0.031666666666665955,0.03166666666666614,0.0266666666666666,0.0266666666666666,1.3247655120144353e-16,0.026666666666666505,0.026666666666666693,0.025000000000000116,0.025000000000000116,1.3247655120144353e-16,0.025000000000000022,0.02500000000000021,0.0266666666666666,0.0266666666666666,1.3247655120144353e-16,0.026666666666666505,0.026666666666666693,0.028333333333333915,0.028333333333333915,0.0,0.028333333333333915,0.028333333333333915,0.0266666666666666,0.0266666666666666,1.3247655120144353e-16,0.026666666666666505,0.026666666666666693,0.02500000000000095,0.02500000000000095,0.0,0.02500000000000095,0.02500000000000095,0.02500000000000095,0.02500000000000095,0.0,0.02500000000000095,0.02500000000000095,OK,True
5,5. LOW C@ 25°C #5,LOW C@ 25°C #5,25.0,3,/content/drive/MyDrive/Battery raw data/RPT Data/5. LOW C@ 25°C #5/3.csv,M01Ch005[005],5,3,8.0,10.0,discharge,0.026555555555555593,0.026555555555555593,0.02666666666666669,0.0005091750772172594,0.026000000000000096,0.026999999999999986,0.026000000000000096,0.026999999999999986,3,0.027555555555555528,0.026555555555555593,0.026388888888888892,37,39,1,0.09500000000000064,0.09500000000000064,0.0,0.09500000000000064,0.09500000000000064,0.03166666666666605,0.03166666666666605,1.3256738189514616e-16,0.031666666666665955,0.03166666666666614,0.028333333333333915,0.028333333333333915,0.0,0.028333333333333915,0.028333333333333915,0.028333333333333082,0.028333333333333082,1.3247655120144353e-16,0.02833333333333299,0.028333333333333176,0.029999999999999565,0.029999999999999565,1.3247655120144353e-16,0.02999999999999947,0.02999999999999966,0.030000000000000398,0.030000000000000398,0.0,0.030000000000000398,0.030000000000000398,0.0266666666666666,0.0266666666666666,1.3247655120144353e-16,0.026666666666666505,0.026666666666666693,0.02666666666666706,0.02666666666666706,5.225521552224742e-16,0.02666666666666743,0.026666666666666693,0.02666666666666706,0.02666666666666706,5.225521552224742e-16,0.02666666666666743,0.026666666666666693,OK,True
5,5. LOW C@ 25°C #5,LOW C@ 25°C #5,25.0,4,/content/drive/MyDrive/Battery raw data/RPT Data/5. LOW C@ 25°C #5/4.csv,M01Ch005[005],5,4,8.0,10.0,discharge,0.028555555555555518,0.028555555555555518,0.028666666666666618,0.0005091750772172594,0.028000000000000025,0.028999999999999915,0.028000000000000025,0.028999999999999915,3,0.029666666666666706,0.028555555555555518,0.028444444444444442,37,39,1,0.09833333333333277,0.09833333333333277,1.2794688166302258e-16,0.09833333333333269,0.09833333333333287,0.031666666666666884,0.031666666666666884,0.0,0.031666666666666884,0.031666666666666884,0.029999999999999565,0.029999999999999565,1.3247655120144353e-16,0.02999999999999947,0.02999999999999966,0.031666666666666884,0.031666666666666884,0.0,0.031666666666666884,0.031666666666666884,0.03166666666666605,0.03166666666666605,1.3256738189514616e-16,0.031666666666665955,0.03166666666666614,0.03333333333333337,0.03333333333333337,0.0,0.03333333333333337,0.03333333333333337,0.028333333333333915,0.028333333333333915,0.0,0.028333333333333915,0.028333333333333915,0.028333333333333915,0.028333333333333915,0.0,0.028333333333333915,0.028333333333333915,0.030000000000000027,0.030000000000000027,5.225521552224742e-16,0.030000000000000398,0.02999999999999966,OK,True
5,5. LOW C@ 25°C #5,LOW C@ 25°C #5,25.0,5,/content/drive/MyDrive/Battery raw data/RPT Data/5. LOW C@ 25°C #5/5.csv,M01Ch005[005],5,5,8.0,10.0,discharge,0.030522561492790423,0.030522561492790423,0.030534351145038063,0.0005167675409403279,0.029999999999999954,0.031033333333333246,0.029999999999999954,0.031033333333333246,3,0.03132013421327465,0.030522561492790423,0.030238049006676666,37,39,1,0.10381603066155655,0.10381603066155655,1.3738309013483032e-16,0.10381603066155665,0.10381603066155645,0.03383333333333294,0.03383333333333294,0.0,0.03383333333333294,0.03383333333333294,0.03249999999999994,0.03249999999999994,2.6495310240288706e-16,0.032500000000000126,0.03249999999999975,0.032827862022996625,0.032827862022996625,0.0,0.032827862022996625,0.032827862022996625,0.03500000000000068,0.03500000000000068,1.3256738189514616e-16,0.035000000000000774,0.035000000000000586,0.03566666666666635,0.03566666666666635,1.3256738189514616e-16,0.03566666666666626,0.035666666666666444,0.032000000000000736,0.032000000000000736,2.6009284745375385e-16,0.03200000000000055,0.03200000000000092,0.03049999999999997,0.03049999999999997,0.0,0.03049999999999997,0.03049999999999997,0.03499999999999985,0.03499999999999985,0.0,0.03499999999999985,0.03499999999999985,OK,True
6,6. LOW C@ 25°C #6,LOW C@ 25°C #6,25.0,0,/content/drive/MyDrive/Battery raw data/RPT Data/6. LOW C@ 25°C #6/0.csv,M01Ch006[006],6,0,8.0,10.0,discharge,0.02288888888888893,0.02288888888888893,0.022999999999999982,0.0005091750772173246,0.02233333333333339,0.023333333333333428,0.02233333333333339,0.023333333333333428,3,0.024333333333333266,0.02288888888888893,0.022944444444444434,37,39,1,0.08999999999999952,0.08999999999999952,2.651347637902923e-16,0.08999999999999934,0.08999999999999972,0.030000000000000398,0.030000000000000398,0.0,0.030000000000000398,0.030000000000000398,0.025000000000000116,0.025000000000000116,1.3247655120144353e-16,0.025000000000000022,0.02500000000000021,0.023333333333333633,0.023333333333333633,1.3247655120144353e-16,0.02333333333333354,0.023333333333333726,0.025000000000000116,0.025000000000000116,1.3247655120144353e-16,0.025000000000000022,0.02500000000000021,0.0266666666666666,0.0266666666666666,1.3247655120144353e-16,0.026666666666666505,0.026666666666666693,0.024999999999999283,0.024999999999999283,2.600465634695002e-16,0.0249999999999991,0.024999999999999467,0.0233333333333328,0.0233333333333328,2.600465634695002e-16,0.023333333333332616,0.023333333333332984,0.023333333333334094,0.023333333333334094,5.225521552224742e-16,0.023333333333334465,0.023333333333333726,OK,True
6,6. LOW C@ 25°C #6,LOW C@ 25°C #6,25.0,1,/content/drive/MyDrive/Battery raw data/RPT Data/6. LOW C@ 25°C #6/1.csv,M01Ch006[006],6,1,8.0,10.0,discharge,0.02400000000000002,0.02400000000000002,0.02400000000000002,0.0003333333333332966,0.023666666666666725,0.024333333333333318,0.023666666666666725,0.024333333333333318,3,0.02533333333333331,0.02400000000000002,0.023999999999999997,37,39,1,0.08833333333333304,0.08833333333333304,2.651347637902923e-16,0.08833333333333286,0.08833333333333324,0.030000000000000398,0.030000000000000398,0.0,0.030000000000000398,0.030000000000000398,0.025000000000000116,0.025000000000000116,1.3247655120144353e-16,0.025000000000000022,0.02500000000000021,0.024999999999999283,0.024999999999999283,2.600465634695002e-16,0.0249999999999991,0.024999999999999467,0.0266666666666666,0.0266666666666666,1.3247655120144353e-16,0.026666666666666505,0.026666666666666693,0.028333333333333082,0.028333333333333082,1.3247655120144353e-16,0.02833333333333299,0.028333333333333176,0.023333333333333633,0.023333333333333633,1.3247655120144353e-16,0.02333333333333354,0.023333333333333726,0.025000000000000116,0.025000000000000116,1.3247655120144353e-16,0.025000000000000022,0.02500000000000021,0.021666666666666317,0.021666666666666317,2.600465634695002e-16,0.021666666666666133,0.0216666666666665,OK,True
6,6. LOW C@ 25°C #6,LOW C@ 25°C #6,25.0,2,/content/drive/MyDrive/Battery raw data/RPT Data/6. LOW C@ 25°C #6/2.csv,M01Ch006[006],6,2,8.0,10.0,discharge,0.024888888888888915,0.024888888888888915,0.02500000000000006,0.0005091750772173409,0.024333333333333318,0.025333333333333357,0.024333333333333318,0.025333333333333357,3,0.0261111111111111,0.024888888888888915,0.024833333333333336,37,39,1,0.09166666666666684,0.09166666666666684,1.2794688166302258e-16,0.09166666666666676,0.09166666666666694,0.030000000000000398,0.030000000000000398,0.0,0.030000000000000398,0.030000000000000398,0.0266666666666666,0.0266666666666666,1.3247655120144353e-16,0.026666666666666505,0.026666666666666693,0.025000000000000116,0.025000000000000116,1.3247655120144353e-16,0.025000000000000022,0.02500000000000021,0.028333333333333082,0.028333333333333082,1.3247655120144353e-16,0.02833333333333299,0.028333333333333176,0.029999999999999565,0.029999999999999565,1.3247655120144353e-16,0.02999999999999947,0.02999999999999966,0.025000000000000116,0.025000000000000116,1.3247655120144353e-16,0.025000000000000022,0.02500000000000021,0.024999999999999283,0.024999999999999283,2.600465634695002e-16,0.0249999999999991,0.024999999999999467,0.02500000000000095,0.02500000000000095,0.0,0.02500000000000095,0.02500000000000095,OK,True
6,6. LOW C@ 25°C #6,LOW C@ 25°C #6,25.0,3,/content/drive/MyDrive/Battery raw data/RPT Data/6. LOW C@ 25°C #6/3.csv,M01Ch006[006],6,3,8.0,10.0,discharge,0.026222222222222244,0.026222222222222244,0.026333333333333393,0.0005091750772173389,0.025666666666666654,0.02666666666666669,0.025666666666666654,0.02666666666666669,3,0.027222222222222186,0.026222222222222244,0.02605555555555555,37,39,1,0.09166666666666684,0.09166666666666684,1.2794688166302258e-16,0.09166666666666676,0.09166666666666694,0.030000000000000398,0.030000000000000398,0.0,0.030000000000000398,0.030000000000000398,0.0266666666666666,0.0266666666666666,1.3247655120144353e-16,0.026666666666666505,0.026666666666666693,0.0266666666666666,0.0266666666666666,1.3247655120144353e-16,0.026666666666666505,0.026666666666666693,0.029999999999999565,0.029999999999999565,1.3247655120144353e-16,0.02999999999999947,0.02999999999999966,0.029999999999999565,0.029999999999999565,1.3247655120144353e-16,0.02999999999999947,0.02999999999999966,0.0266666666666666,0.0266666666666666,1.3247655120144353e-16,0.026666666666666505,0.026666666666666693,0.02666666666666706,0.02666666666666706,5.225521552224742e-16,0.02666666666666743,0.026666666666666693,0.02666666666666706,0.02666666666666706,5.225521552224742e-16,0.02666666666666743,0.026666666666666693,OK,True
6,6. LOW C@ 25°C #6,LOW C@ 25°C #6,25.0,4,/content/drive/MyDrive/Battery raw data/RPT Data/6. LOW C@ 25°C #6/4.csv,M01Ch006[006],6,4,8.0,10.0,discharge,0.02744444444444453,0.02744444444444453,0.02733333333333343,0.0005091750772172594,0.027000000000000135,0.028000000000000025,0.027000000000000135,0.028000000000000025,3,0.028666666666666566,0.02744444444444453,0.027388888888888883,37,39,1,0.09666666666666629,0.09666666666666629,1.2794688166302258e-16,0.0966666666666662,0.09666666666666639,0.030000000000000398,0.030000000000000398,0.0,0.030000000000000398,0.030000000000000398,0.028333333333333082,0.028333333333333082,1.3247655120144353e-16,0.02833333333333299,0.028333333333333176,0.030000000000000398,0.030000000000000398,0.0,0.030000000000000398,0.030000000000000398,0.031666666666666884,0.031666666666666884,0.0,0.031666666666666884,0.031666666666666884,0.031666666666666884,0.031666666666666884,0.0,0.031666666666666884,0.031666666666666884,0.028333333333333082,0.028333333333333082,1.3247655120144353e-16,0.02833333333333299,0.028333333333333176,0.02666666666666706,0.02666666666666706,5.225521552224742e-16,0.02666666666666743,0.026666666666666693,0.028333333333333915,0.028333333333333915,0.0,0.028333333333333915,0.028333333333333915,OK,True
6,6. LOW C@ 25°C #6,LOW C@ 25°C #6,25.0,5,/content/drive/MyDrive/Battery raw data/RPT Data/6. LOW C@ 25°C #6/5.csv,M01Ch006[006],6,5,8.0,10.0,discharge,0.028655885587395458,0.028655885587395458,0.028700956698556643,0.0005024727950469744,0.028132395586813783,0.029134304476815944,0.028132395586813783,0.029134304476815944,3,0.02961012410697418,0.028655885587395458,0.028433023899203363,37,39,1,0.09950000000000052,0.09950000000000052,0.0,0.09950000000000052,0.09950000000000052,0.0313333333333334,0.0313333333333334,2.6495310240288706e-16,0.03133333333333321,0.03133333333333359,0.030333333333333046,0.030333333333333046,1.3004642372687692e-16,0.03033333333333314,0.030333333333332956,0.030333333333333046,0.030333333333333046,1.3004642372687692e-16,0.03033333333333314,0.030333333333332956,0.032666666666666865,0.032666666666666865,1.2757001226805672e-16,0.032666666666666955,0.032666666666666774,0.033666666666666845,0.033666666666666845,2.6009284745375385e-16,0.03366666666666703,0.033666666666666664,0.029500000000000824,0.029500000000000824,0.0,0.029500000000000824,0.029500000000000824,0.028333333333333915,0.028333333333333915,0.0,0.028333333333333915,0.028333333333333915,0.03183333333333298,0.03183333333333298,2.6009284745375385e-16,0.03183333333333279,0.03183333333333316,OK,True
6,6. LOW C@ 25°C #6,LOW C@ 25°C #6,25.0,6,/content/drive/MyDrive/Battery raw data/RPT Data/6. LOW C@ 25°C #6/6.csv,M01Ch006[006],6,6,8.0,10.0,discharge,0.029599671122073706,0.029599671122073706,0.02959901336622112,0.0005000003244819855,0.029099999999999977,0.030100000000000016,0.029099999999999977,0.030100000000000016,3,0.030533326689530946,0.029599671122073706,0.029383166947217557,37,39,1,0.10250000000000001,0.10250000000000001,2.651347637902923e-16,0.10249999999999981,0.10250000000000019,0.03283333333333296,0.03283333333333296,1.2757001226805672e-16,0.03283333333333287,0.03283333333333305,0.03183333333333298,0.03183333333333298,2.6009284745375385e-16,0.03183333333333279,0.03183333333333316,0.03183333333333298,0.03183333333333298,2.6009284745375385e-16,0.03183333333333279,0.03183333333333316,0.03399433427762026,0.03399433427762026,1.2757001226805672e-16,0.03399433427762017,0.03399433427762035,0.03516666666666678,0.03516666666666678,1.3256738189514616e-16,0.03516666666666668,0.03516666666666687,0.030828195300782027,0.030828195300782027,5.225521552224742e-16,0.03082819530078166,0.030828195300782398,0.02983333333333301,0.02983333333333301,5.225521552224742e-16,0.02983333333333264,0.02983333333333338,0.034000000000000696,0.034000000000000696,0.0,0.034000000000000696,0.034000000000000696,OK,True
7,7. LOW C@ 25°C #7,LOW C@ 25°C #7,25.0,0,/content/drive/MyDrive/Battery raw data/RPT Data/7. LOW C@ 25°C #7/0.csv,M01Ch007[007],7,0,8.0,10.0,discharge,0.023555555555555576,0.023555555555555576,0.023666666666666725,0.0005091750772173409,0.022999999999999982,0.02400000000000002,0.022999999999999982,0.02400000000000002,3,0.024666666666666667,0.023555555555555576,0.023444444444444452,37,39,1,0.09000000000000036,0.09000000000000036,1.2794688166302258e-16,0.09000000000000027,0.09000000000000045,0.031666666666666884,0.031666666666666884,0.0,0.031666666666666884,0.031666666666666884,0.025000000000000116,0.025000000000000116,1.3247655120144353e-16,0.025000000000000022,0.02500000000000021,0.023333333333333633,0.023333333333333633,1.3247655120144353e-16,0.02333333333333354,0.023333333333333726,0.025000000000000116,0.025000000000000116,1.3247655120144353e-16,0.025000000000000022,0.02500000000000021,0.0266666666666666,0.0266666666666666,1.3247655120144353e-16,0.026666666666666505,0.026666666666666693,0.0266666666666666,0.0266666666666666,1.3247655120144353e-16,0.026666666666666505,0.026666666666666693,0.023333333333333633,0.023333333333333633,1.3247655120144353e-16,0.02333333333333354,0.023333333333333726,0.023333333333334094,0.023333333333334094,5.225521552224742e-16,0.023333333333334465,0.023333333333333726,OK,True
7,7. LOW C@ 25°C #7,LOW C@ 25°C #7,25.0,1,/content/drive/MyDrive/Battery raw data/RPT Data/7. LOW C@ 25°C #7/1.csv,M01Ch007[007],7,1,8.0,10.0,discharge,0.024444444444444467,0.024444444444444467,0.024333333333333318,0.0005091750772173409,0.02400000000000002,0.02500000000000006,0.02400000000000002,0.02500000000000006,3,0.025222222222222212,0.024444444444444467,0.02416666666666667,37,39,1,0.08999999999999952,0.08999999999999952,2.651347637902923e-16,0.08999999999999934,0.08999999999999972,0.031666666666666884,0.031666666666666884,0.0,0.031666666666666884,0.031666666666666884,0.0266666666666666,0.0266666666666666,1.3247655120144353e-16,0.026666666666666505,0.026666666666666693,0.0233333333333328,0.0233333333333328,2.600465634695002e-16,0.023333333333332616,0.023333333333332984,0.0266666666666666,0.0266666666666666,1.3247655120144353e-16,0.026666666666666505,0.026666666666666693,0.0266666666666666,0.0266666666666666,1.3247655120144353e-16,0.026666666666666505,0.026666666666666693,0.025000000000000116,0.025000000000000116,1.3247655120144353e-16,0.025000000000000022,0.02500000000000021,0.025000000000000116,0.025000000000000116,1.3247655120144353e-16,0.025000000000000022,0.02500000000000021,0.023333333333334094,0.023333333333334094,5.225521552224742e-16,0.023333333333334465,0.023333333333333726,OK,True
7,7. LOW C@ 25°C #7,LOW C@ 25°C #7,25.0,2,/content/drive/MyDrive/Battery raw data/RPT Data/7. LOW C@ 25°C #7/2.csv,M01Ch007[007],7,2,8.0,10.0,discharge,0.025777777777777802,0.025777777777777802,0.025666666666666654,0.0005091750772173389,0.025333333333333357,0.026333333333333393,0.025333333333333357,0.026333333333333393,3,0.026888888888888837,0.025777777777777802,0.025666666666666654,37,39,1,0.09333333333333332,0.09333333333333332,1.2794688166302258e-16,0.09333333333333324,0.09333333333333342,0.031666666666666884,0.031666666666666884,0.0,0.031666666666666884,0.031666666666666884,0.0266666666666666,0.0266666666666666,1.3247655120144353e-16,0.026666666666666505,0.026666666666666693,0.0266666666666666,0.0266666666666666,1.3247655120144353e-16,0.026666666666666505,0.026666666666666693,0.028333333333333082,0.028333333333333082,1.3247655120144353e-16,0.02833333333333299,0.028333333333333176,0.029999999999999565,0.029999999999999565,1.3247655120144353e-16,0.02999999999999947,0.02999999999999966,0.0266666666666666,0.0266666666666666,1.3247655120144353e-16,0.026666666666666505,0.026666666666666693,0.02666666666666706,0.02666666666666706,5.225521552224742e-16,0.02666666666666743,0.026666666666666693,0.024999999999999283,0.024999999999999283,2.600465634695002e-16,0.0249999999999991,0.024999999999999467,OK,True
7,7. LOW C@ 25°C #7,LOW C@ 25°C #7,25.0,3,/content/drive/MyDrive/Battery raw data/RPT Data/7. LOW C@ 25°C #7/3.csv,M01Ch007[007],7,3,8.0,10.0,discharge,0.027111111111111183,0.027111111111111183,0.027000000000000135,0.0005091750772173246,0.02666666666666669,0.027666666666666728,0.02666666666666669,0.027666666666666728,3,0.02833333333333327,0.027111111111111183,0.027055555555555565,37,39,1,0.0949999999999998,0.0949999999999998,1.2794688166302258e-16,0.09499999999999972,0.0949999999999999,0.03166666666666605,0.03166666666666605,1.3256738189514616e-16,0.031666666666665955,0.03166666666666614,0.028333333333333082,0.028333333333333082,1.3247655120144353e-16,0.02833333333333299,0.028333333333333176,0.028333333333333915,0.028333333333333915,0.0,0.028333333333333915,0.028333333333333915,0.029999999999999565,0.029999999999999565,1.3247655120144353e-16,0.02999999999999947,0.02999999999999966,0.031666666666666884,0.031666666666666884,0.0,0.031666666666666884,0.031666666666666884,0.028333333333333082,0.028333333333333082,1.3247655120144353e-16,0.02833333333333299,0.028333333333333176,0.028333333333333915,0.028333333333333915,0.0,0.028333333333333915,0.028333333333333915,0.02833333333333225,0.02833333333333225,2.600465634695002e-16,0.028333333333332066,0.028333333333332433,OK,True
7,7. LOW C@ 25°C #7,LOW C@ 25°C #7,25.0,4,/content/drive/MyDrive/Battery raw data/RPT Data/7. LOW C@ 25°C #7/4.csv,M01Ch007[007],7,4,8.0,10.0,discharge,0.028111111111111173,0.028111111111111173,0.028000000000000025,0.0005091750772173409,0.027666666666666728,0.028666666666666767,0.027666666666666728,0.028666666666666767,3,0.028999999999999967,0.028111111111111173,0.027888888888888904,37,39,1,0.09666666666666712,0.09666666666666712,0.0,0.09666666666666712,0.09666666666666712,0.031666666666666884,0.031666666666666884,0.0,0.031666666666666884,0.031666666666666884,0.029999999999999565,0.029999999999999565,1.3247655120144353e-16,0.02999999999999947,0.02999999999999966,0.028333333333333082,0.028333333333333082,1.3247655120144353e-16,0.02833333333333299,0.028333333333333176,0.031666666666666884,0.031666666666666884,0.0,0.031666666666666884,0.031666666666666884,0.033333333333332535,0.033333333333332535,1.3256738189514616e-16,0.03333333333333244,0.033333333333332625,0.029999999999999565,0.029999999999999565,1.3247655120144353e-16,0.02999999999999947,0.02999999999999966,0.028333333333333915,0.028333333333333915,0.0,0.028333333333333915,0.028333333333333915,0.030000000000000027,0.030000000000000027,5.225521552224742e-16,0.030000000000000398,0.02999999999999966,OK,True
7,7. LOW C@ 25°C #7,LOW C@ 25°C #7,25.0,5,/content/drive/MyDrive/Battery raw data/RPT Data/7. LOW C@ 25°C #7/5.csv,M01Ch007[007],7,5,8.0,10.0,discharge,0.029555555555555557,0.029555555555555557,0.029666666666666657,0.0005091750772172594,0.029000000000000064,0.029999999999999954,0.029000000000000064,0.029999999999999954,3,0.030666666666666648,0.029555555555555557,0.029444444444444436,37,39,1,0.10166666666666657,0.10166666666666657,0.0,0.10166666666666657,0.10166666666666657,0.03333333333333337,0.03333333333333337,0.0,0.03333333333333337,0.03333333333333337,0.03166666666666605,0.03166666666666605,1.3256738189514616e-16,0.031666666666665955,0.03166666666666614,0.029999999999999565,0.029999999999999565,1.3247655120144353e-16,0.02999999999999947,0.02999999999999966,0.03499999999999985,0.03499999999999985,0.0,0.03499999999999985,0.03499999999999985,0.033333333333332535,0.033333333333332535,1.3256738189514616e-16,0.03333333333333244,0.033333333333332625,0.030000000000000398,0.030000000000000398,0.0,0.030000000000000398,0.030000000000000398,0.030000000000000027,0.030000000000000027,5.225521552224742e-16,0.030000000000000398,0.02999999999999966,0.03333333333333299,0.03333333333333299,5.250225931237847e-16,0.03333333333333337,0.033333333333332625,OK,True
8,8. LOW C@ 25°C #8,LOW C@ 25°C #8,25.0,0,/content/drive/MyDrive/Battery raw data/RPT Data/8. LOW C@ 25°C #8/0.csv,M01Ch008[008],8,0,8.0,10.0,discharge,0.02400000000000002,0.02400000000000002,0.02400000000000002,0.0003333333333332966,0.023666666666666725,0.024333333333333318,0.023666666666666725,0.024333333333333318,3,0.024777777777777763,0.02400000000000002,0.023722222222222228,37,39,1,0.08999999999999952,0.08999999999999952,2.651347637902923e-16,0.08999999999999934,0.08999999999999972,0.03166666666666605,0.03166666666666605,1.3256738189514616e-16,0.031666666666665955,0.03166666666666614,0.025000000000000116,0.025000000000000116,1.3247655120144353e-16,0.025000000000000022,0.02500000000000021,0.025000000000000116,0.025000000000000116,1.3247655120144353e-16,0.025000000000000022,0.02500000000000021,0.025000000000000116,0.025000000000000116,1.3247655120144353e-16,0.025000000000000022,0.02500000000000021,0.0266666666666666,0.0266666666666666,1.3247655120144353e-16,0.026666666666666505,0.026666666666666693,0.025000000000000116,0.025000000000000116,1.3247655120144353e-16,0.025000000000000022,0.02500000000000021,0.023333333333333633,0.023333333333333633,1.3247655120144353e-16,0.02333333333333354,0.023333333333333726,0.02333333333333243,0.02333333333333243,2.6251129656189234e-16,0.023333333333332616,0.023333333333332245,OK,True
8,8. LOW C@ 25°C #8,LOW C@ 25°C #8,25.0,1,/content/drive/MyDrive/Battery raw data/RPT Data/8. LOW C@ 25°C #8/1.csv,M01Ch008[008],8,1,8.0,10.0,discharge,0.02455555555555562,0.02455555555555562,0.024666666666666764,0.0005091750772173409,0.02400000000000002,0.02500000000000006,0.02400000000000002,0.02500000000000006,3,0.025666666666666605,0.02455555555555562,0.02444444444444444,37,39,1,0.09000000000000036,0.09000000000000036,1.2794688166302258e-16,0.09000000000000027,0.09000000000000045,0.030000000000000398,0.030000000000000398,0.0,0.030000000000000398,0.030000000000000398,0.0266666666666666,0.0266666666666666,1.3247655120144353e-16,0.026666666666666505,0.026666666666666693,0.025000000000000116,0.025000000000000116,1.3247655120144353e-16,0.025000000000000022,0.02500000000000021,0.0266666666666666,0.0266666666666666,1.3247655120144353e-16,0.026666666666666505,0.026666666666666693,0.028333333333333082,0.028333333333333082,1.3247655120144353e-16,0.02833333333333299,0.028333333333333176,0.024999999999999283,0.024999999999999283,2.600465634695002e-16,0.0249999999999991,0.024999999999999467,0.024999999999999283,0.024999999999999283,2.600465634695002e-16,0.0249999999999991,0.024999999999999467,0.023333333333334094,0.023333333333334094,5.225521552224742e-16,0.023333333333334465,0.023333333333333726,OK,True
8,8. LOW C@ 25°C #8,LOW C@ 25°C #8,25.0,2,/content/drive/MyDrive/Battery raw data/RPT Data/8. LOW C@ 25°C #8/2.csv,M01Ch008[008],8,2,8.0,10.0,discharge,0.025666666666666702,0.025666666666666702,0.025666666666666654,0.0003333333333333695,0.025333333333333357,0.026000000000000096,0.025333333333333357,0.026000000000000096,3,0.02666666666666664,0.025666666666666702,0.025500000000000005,37,39,1,0.09166666666666684,0.09166666666666684,1.2794688166302258e-16,0.09166666666666676,0.09166666666666694,0.030000000000000398,0.030000000000000398,0.0,0.030000000000000398,0.030000000000000398,0.028333333333333082,0.028333333333333082,1.3247655120144353e-16,0.02833333333333299,0.028333333333333176,0.024999999999999283,0.024999999999999283,2.600465634695002e-16,0.0249999999999991,0.024999999999999467,0.028333333333333082,0.028333333333333082,1.3247655120144353e-16,0.02833333333333299,0.028333333333333176,0.030000000000000398,0.030000000000000398,0.0,0.030000000000000398,0.030000000000000398,0.025000000000000116,0.025000000000000116,1.3247655120144353e-16,0.025000000000000022,0.02500000000000021,0.02666666666666706,0.02666666666666706,5.225521552224742e-16,0.02666666666666743,0.026666666666666693,0.02500000000000095,0.02500000000000095,0.0,0.02500000000000095,0.02500000000000095,OK,True
8,8. LOW C@ 25°C #8,LOW C@ 25°C #8,25.0,3,/content/drive/MyDrive/Battery raw data/RPT Data/8. LOW C@ 25°C #8/3.csv,M01Ch008[008],8,3,8.0,10.0,discharge,0.026777777777777834,0.026777777777777834,0.02666666666666669,0.0005091750772173409,0.026333333333333393,0.02733333333333343,0.026333333333333393,0.02733333333333343,3,0.027555555555555528,0.026777777777777834,0.02650000000000002,37,39,1,0.0949999999999998,0.0949999999999998,1.2794688166302258e-16,0.09499999999999972,0.0949999999999999,0.028333333333333082,0.028333333333333082,1.3247655120144353e-16,0.02833333333333299,0.028333333333333176,0.028333333333333082,0.028333333333333082,1.3247655120144353e-16,0.02833333333333299,0.028333333333333176,0.0266666666666666,0.0266666666666666,1.3247655120144353e-16,0.026666666666666505,0.026666666666666693,0.030000000000000398,0.030000000000000398,0.0,0.030000000000000398,0.030000000000000398,0.029999999999999565,0.029999999999999565,1.3247655120144353e-16,0.02999999999999947,0.02999999999999966,0.0266666666666666,0.0266666666666666,1.3247655120144353e-16,0.026666666666666505,0.026666666666666693,0.02666666666666706,0.02666666666666706,5.225521552224742e-16,0.02666666666666743,0.026666666666666693,0.028333333333333915,0.028333333333333915,0.0,0.028333333333333915,0.028333333333333915,OK,True
8,8. LOW C@ 25°C #8,LOW C@ 25°C #8,25.0,4,/content/drive/MyDrive/Battery raw data/RPT Data/8. LOW C@ 25°C #8/4.csv,M01Ch008[008],8,4,8.0,10.0,discharge,0.028222222222222173,0.028222222222222173,0.02833333333333332,0.0005091750772173409,0.02766666666666658,0.028666666666666618,0.02766666666666658,0.028666666666666618,3,0.02933333333333341,0.028222222222222173,0.028111111111111125,37,39,1,0.0983333333333336,0.0983333333333336,0.0,0.0983333333333336,0.0983333333333336,0.030000000000000398,0.030000000000000398,0.0,0.030000000000000398,0.030000000000000398,0.030000000000000398,0.030000000000000398,0.0,0.030000000000000398,0.030000000000000398,0.030000000000000398,0.030000000000000398,0.0,0.030000000000000398,0.030000000000000398,0.031666666666666884,0.031666666666666884,0.0,0.031666666666666884,0.031666666666666884,0.03333333333333337,0.03333333333333337,0.0,0.03333333333333337,0.03333333333333337,0.030000000000000398,0.030000000000000398,0.0,0.030000000000000398,0.030000000000000398,0.028333333333333915,0.028333333333333915,0.0,0.028333333333333915,0.028333333333333915,0.030000000000000027,0.030000000000000027,5.225521552224742e-16,0.030000000000000398,0.02999999999999966,OK,True
8,8. LOW C@ 25°C #8,LOW C@ 25°C #8,25.0,5,/content/drive/MyDrive/Battery raw data/RPT Data/8. LOW C@ 25°C #8/5.csv,M01Ch008[008],8,5,8.0,10.0,discharge,0.029655566318259333,0.029655566318259333,0.029666666666666657,0.00048441706268988676,0.029165694476850888,0.030134337811260462,0.029165694476850888,0.030134337811260462,3,0.030454216385574325,0.029655566318259333,0.02937158207468985,37,39,1,0.10266666666666656,0.10266666666666656,1.3738309013483032e-16,0.10266666666666666,0.10266666666666646,0.032666666666666865,0.032666666666666865,1.2757001226805672e-16,0.032666666666666955,0.032666666666666774,0.031666666666666884,0.031666666666666884,0.0,0.031666666666666884,0.031666666666666884,0.031666666666666884,0.031666666666666884,0.0,0.031666666666666884,0.031666666666666884,0.03383333333333377,0.03383333333333377,1.3256738189514616e-16,0.03383333333333387,0.03383333333333368,0.03516080653224474,0.03516080653224474,1.3256738189514616e-16,0.03516080653224464,0.03516080653224483,0.03066666666666773,0.03066666666666773,0.0,0.03066666666666773,0.03066666666666773,0.029828361939676397,0.029828361939676397,5.225521552224742e-16,0.02982836193967603,0.029828361939676768,0.03433333333333288,0.03433333333333288,5.250225931237847e-16,0.034333333333332515,0.03433333333333326,OK,True
9,9. HIGH C@ 25°C #1,HIGH C@ 25°C #1,25.0,0,/content/drive/MyDrive/Battery raw data/RPT Data/9. HIGH C@ 25°C #1/0.csv,M01Ch009[009],9,0,8.0,10.0,discharge,0.023333333333333376,0.023333333333333376,0.023333333333333428,0.0003333333333333712,0.022999999999999982,0.023666666666666725,0.022999999999999982,0.023666666666666725,3,0.024666666666666667,0.023333333333333376,0.023333333333333355,37,39,1,0.08833333333333304,0.08833333333333304,2.651347637902923e-16,0.08833333333333286,0.08833333333333324,0.031666666666666884,0.031666666666666884,0.0,0.031666666666666884,0.031666666666666884,0.025000000000000116,0.025000000000000116,1.3247655120144353e-16,0.025000000000000022,0.02500000000000021,0.023333333333333633,0.023333333333333633,1.3247655120144353e-16,0.02333333333333354,0.023333333333333726,0.024999999999999283,0.024999999999999283,2.600465634695002e-16,0.0249999999999991,0.024999999999999467,0.0266666666666666,0.0266666666666666,1.3247655120144353e-16,0.026666666666666505,0.026666666666666693,0.0266666666666666,0.0266666666666666,1.3247655120144353e-16,0.026666666666666505,0.026666666666666693,0.0233333333333328,0.0233333333333328,2.600465634695002e-16,0.023333333333332616,0.023333333333332984,0.02333333333333243,0.02333333333333243,2.6251129656189234e-16,0.023333333333332616,0.023333333333332245,OK,True
9,9. HIGH C@ 25°C #1,HIGH C@ 25°C #1,25.0,1,/content/drive/MyDrive/Battery raw data/RPT Data/9. HIGH C@ 25°C #1/1.csv,M01Ch009[009],9,1,8.0,10.0,discharge,0.023222222222222182,0.023222222222222182,0.02333333333333328,0.0005091750772172594,0.022666666666666686,0.023666666666666576,0.022666666666666686,0.023666666666666576,3,0.02433333333333337,0.023222222222222182,0.023111111111111107,37,39,1,0.08833333333333304,0.08833333333333304,2.651347637902923e-16,0.08833333333333286,0.08833333333333324,0.030000000000000398,0.030000000000000398,0.0,0.030000000000000398,0.030000000000000398,0.0233333333333328,0.0233333333333328,2.600465634695002e-16,0.023333333333332616,0.023333333333332984,0.0233333333333328,0.0233333333333328,2.600465634695002e-16,0.023333333333332616,0.023333333333332984,0.025000000000000116,0.025000000000000116,1.3247655120144353e-16,0.025000000000000022,0.02500000000000021,0.0266666666666666,0.0266666666666666,1.3247655120144353e-16,0.026666666666666505,0.026666666666666693,0.0233333333333328,0.0233333333333328,2.600465634695002e-16,0.023333333333332616,0.023333333333332984,0.0233333333333328,0.0233333333333328,2.600465634695002e-16,0.023333333333332616,0.023333333333332984,0.021666666666666317,0.021666666666666317,2.600465634695002e-16,0.021666666666666133,0.0216666666666665,OK,True
9,9. HIGH C@ 25°C #1,HIGH C@ 25°C #1,25.0,2,/content/drive/MyDrive/Battery raw data/RPT Data/9. HIGH C@ 25°C #1/2.csv,M01Ch009[009],9,2,8.0,10.0,discharge,0.024777777777777763,0.024777777777777763,0.024666666666666615,0.0005091750772173409,0.024333333333333318,0.025333333333333357,0.024333333333333318,0.025333333333333357,3,0.025555555555555606,0.024777777777777763,0.02450000000000002,37,39,1,0.09166666666666684,0.09166666666666684,1.2794688166302258e-16,0.09166666666666676,0.09166666666666694,0.029999999999999565,0.029999999999999565,1.3247655120144353e-16,0.02999999999999947,0.02999999999999966,0.0266666666666666,0.0266666666666666,1.3247655120144353e-16,0.026666666666666505,0.026666666666666693,0.025000000000000116,0.025000000000000116,1.3247655120144353e-16,0.025000000000000022,0.02500000000000021,0.028333333333333082,0.028333333333333082,1.3247655120144353e-16,0.02833333333333299,0.028333333333333176,0.028333333333333915,0.028333333333333915,0.0,0.028333333333333915,0.028333333333333915,0.0266666666666666,0.0266666666666666,1.3247655120144353e-16,0.026666666666666505,0.026666666666666693,0.02500000000000095,0.02500000000000095,0.0,0.02500000000000095,0.02500000000000095,0.02500000000000095,0.02500000000000095,0.0,0.02500000000000095,0.02500000000000095,OK,True
9,9. HIGH C@ 25°C #1,HIGH C@ 25°C #1,25.0,3,/content/drive/MyDrive/Battery raw data/RPT Data/9. HIGH C@ 25°C #1/3.csv,M01Ch009[009],9,3,8.0,10.0,discharge,0.025888888888888902,0.025888888888888902,0.02599999999999995,0.0005091750772173231,0.025333333333333357,0.026333333333333393,0.025333333333333357,0.026333333333333393,3,0.027000000000000034,0.025888888888888902,0.025777777777777802,37,39,1,0.09333333333333332,0.09333333333333332,1.2794688166302258e-16,0.09333333333333324,0.09333333333333342,0.029999999999999565,0.029999999999999565,1.3247655120144353e-16,0.02999999999999947,0.02999999999999966,0.028333333333333082,0.028333333333333082,1.3247655120144353e-16,0.02833333333333299,0.028333333333333176,0.0266666666666666,0.0266666666666666,1.3247655120144353e-16,0.026666666666666505,0.026666666666666693,0.030000000000000398,0.030000000000000398,0.0,0.030000000000000398,0.030000000000000398,0.029999999999999565,0.029999999999999565,1.3247655120144353e-16,0.02999999999999947,0.02999999999999966,0.0266666666666666,0.0266666666666666,1.3247655120144353e-16,0.026666666666666505,0.026666666666666693,0.02666666666666706,0.02666666666666706,5.225521552224742e-16,0.02666666666666743,0.026666666666666693,0.02833333333333225,0.02833333333333225,2.600465634695002e-16,0.028333333333332066,0.028333333333332433,OK,True
9,9. HIGH C@ 25°C #1,HIGH C@ 25°C #1,25.0,4,/content/drive/MyDrive/Battery raw data/RPT Data/9. HIGH C@ 25°C #1/4.csv,M01Ch009[009],9,4,8.0,10.0,discharge,0.027466666666666698,0.027466666666666698,0.02746666666666675,0.00046666666666668986,0.026999999999999986,0.027933333333333366,0.026999999999999986,0.027933333333333366,3,0.028320977120043816,0.027466666666666698,0.027227178723672172,37,39,1,0.09481753041159846,0.09481753041159846,1.2794688166302258e-16,0.09481753041159854,0.09481753041159836,0.030994834194300498,0.030994834194300498,0.0,0.030994834194300498,0.030994834194300498,0.02899999999999958,0.02899999999999958,2.6251129656189234e-16,0.028999999999999398,0.02899999999999977,0.02899999999999958,0.02899999999999958,2.6251129656189234e-16,0.028999999999999398,0.02899999999999977,0.031166666666666475,0.031166666666666475,1.3004642372687692e-16,0.03116666666666638,0.031166666666666565,0.03200000000000036,0.03200000000000036,2.6009284745375385e-16,0.03200000000000055,0.03200000000000018,0.02899999999999958,0.02899999999999958,2.6251129656189234e-16,0.028999999999999398,0.02899999999999977,0.0273333333333331,0.0273333333333331,2.6251129656189234e-16,0.027333333333332915,0.027333333333333286,0.030166666666667785,0.030166666666667785,5.225521552224742e-16,0.030166666666668156,0.030166666666667417,OK,True
9,9. HIGH C@ 25°C #1,HIGH C@ 25°C #1,25.0,5,/content/drive/MyDrive/Battery raw data/RPT Data/9. HIGH C@ 25°C #1/5.csv,M01Ch009[009],9,5,8.0,10.0,discharge,0.02902222222222223,0.02902222222222223,0.029033333333333317,0.0005167562646325802,0.028500000000000043,0.02953333333333334,0.028500000000000043,0.02953333333333334,3,0.029854560403542046,0.02902222222222223,0.028755076304283835,37,39,1,0.09633333333333327,0.09633333333333327,2.651347637902923e-16,0.09633333333333347,0.09633333333333309,0.03249999999999994,0.03249999999999994,2.6495310240288706e-16,0.032500000000000126,0.03249999999999975,0.031166666666667307,0.031166666666667307,0.0,0.031166666666667307,0.031166666666667307,0.031166666666666475,0.031166666666666475,1.3004642372687692e-16,0.03116666666666638,0.031166666666666565,0.03333333333333337,0.03333333333333337,0.0,0.03333333333333337,0.03333333333333337,0.034500000000000274,0.034500000000000274,0.0,0.034500000000000274,0.034500000000000274,0.030833333333333823,0.030833333333333823,2.6251129656189234e-16,0.03083333333333364,0.03083333333333401,0.028999999999999214,0.028999999999999214,2.6251129656189234e-16,0.028999999999999398,0.028999999999999027,0.03383333333333294,0.03383333333333294,0.0,0.03383333333333294,0.03383333333333294,OK,True
10,10. HIGH C@ 25°C #2,HIGH C@ 25°C #2,25.0,0,/content/drive/MyDrive/Battery raw data/RPT Data/10. HIGH C@ 25°C #2/0.csv,M01Ch010[010],10,0,8.0,10.0,discharge,0.022555555555555537,0.022555555555555537,0.022666666666666686,0.0005091750772173389,0.021999999999999947,0.022999999999999982,0.021999999999999947,0.022999999999999982,3,0.023333333333333327,0.022555555555555537,0.022277777777777768,37,39,1,0.08833333333333304,0.08833333333333304,2.651347637902923e-16,0.08833333333333286,0.08833333333333324,0.030000000000000398,0.030000000000000398,0.0,0.030000000000000398,0.030000000000000398,0.025000000000000116,0.025000000000000116,1.3247655120144353e-16,0.025000000000000022,0.02500000000000021,0.021666666666666317,0.021666666666666317,2.600465634695002e-16,0.021666666666666133,0.0216666666666665,0.025000000000000116,0.025000000000000116,1.3247655120144353e-16,0.025000000000000022,0.02500000000000021,0.025000000000000116,0.025000000000000116,1.3247655120144353e-16,0.025000000000000022,0.02500000000000021,0.025000000000000116,0.025000000000000116,1.3247655120144353e-16,0.025000000000000022,0.02500000000000021,0.023333333333333633,0.023333333333333633,1.3247655120144353e-16,0.02333333333333354,0.023333333333333726,0.023333333333334094,0.023333333333334094,5.225521552224742e-16,0.023333333333334465,0.023333333333333726,OK,True
10,10. HIGH C@ 25°C #2,HIGH C@ 25°C #2,25.0,1,/content/drive/MyDrive/Battery raw data/RPT Data/10. HIGH C@ 25°C #2/1.csv,M01Ch010[010],10,1,8.0,10.0,discharge,0.023111111111111127,0.023111111111111127,0.022999999999999982,0.0005091750772173409,0.022666666666666686,0.023666666666666725,0.022666666666666686,0.023666666666666725,3,0.024666666666666667,0.023111111111111127,0.023222222222222227,37,39,1,0.08833333333333304,0.08833333333333304,2.651347637902923e-16,0.08833333333333286,0.08833333333333324,0.030000000000000398,0.030000000000000398,0.0,0.030000000000000398,0.030000000000000398,0.0266666666666666,0.0266666666666666,1.3247655120144353e-16,0.026666666666666505,0.026666666666666693,0.0233333333333328,0.0233333333333328,2.600465634695002e-16,0.023333333333332616,0.023333333333332984,0.025000000000000116,0.025000000000000116,1.3247655120144353e-16,0.025000000000000022,0.02500000000000021,0.025000000000000116,0.025000000000000116,1.3247655120144353e-16,0.025000000000000022,0.02500000000000021,0.0233333333333328,0.0233333333333328,2.600465634695002e-16,0.023333333333332616,0.023333333333332984,0.0233333333333328,0.0233333333333328,2.600465634695002e-16,0.023333333333332616,0.023333333333332984,0.023333333333334094,0.023333333333334094,5.225521552224742e-16,0.023333333333334465,0.023333333333333726,OK,True
10,10. HIGH C@ 25°C #2,HIGH C@ 25°C #2,25.0,2,/content/drive/MyDrive/Battery raw data/RPT Data/10. HIGH C@ 25°C #2/2.csv,M01Ch010[010],10,2,8.0,10.0,discharge,0.024555555555555567,0.024555555555555567,0.024666666666666615,0.0005091750772173246,0.02400000000000002,0.02500000000000006,0.02400000000000002,0.02500000000000006,3,0.025666666666666702,0.024555555555555567,0.024444444444444467,37,39,1,0.09166666666666684,0.09166666666666684,1.2794688166302258e-16,0.09166666666666676,0.09166666666666694,0.03166666666666605,0.03166666666666605,1.3256738189514616e-16,0.031666666666665955,0.03166666666666614,0.0266666666666666,0.0266666666666666,1.3247655120144353e-16,0.026666666666666505,0.026666666666666693,0.025000000000000116,0.025000000000000116,1.3247655120144353e-16,0.025000000000000022,0.02500000000000021,0.026666666666665766,0.026666666666665766,2.600465634695002e-16,0.026666666666665582,0.02666666666666595,0.028333333333333082,0.028333333333333082,1.3247655120144353e-16,0.02833333333333299,0.028333333333333176,0.0266666666666666,0.0266666666666666,1.3247655120144353e-16,0.026666666666666505,0.026666666666666693,0.024999999999999283,0.024999999999999283,2.600465634695002e-16,0.0249999999999991,0.024999999999999467,0.023333333333334094,0.023333333333334094,5.225521552224742e-16,0.023333333333334465,0.023333333333333726,OK,True
10,10. HIGH C@ 25°C #2,HIGH C@ 25°C #2,25.0,3,/content/drive/MyDrive/Battery raw data/RPT Data/10. HIGH C@ 25°C #2/3.csv,M01Ch010[010],10,3,8.0,10.0,discharge,0.026222222222222296,0.026222222222222296,0.026333333333333393,0.0005091750772172594,0.0256666666666668,0.02666666666666669,0.0256666666666668,0.02666666666666669,3,0.027555555555555482,0.026222222222222296,0.02622222222222222,37,39,1,0.0949999999999998,0.0949999999999998,1.2794688166302258e-16,0.09499999999999972,0.0949999999999999,0.031666666666666884,0.031666666666666884,0.0,0.031666666666666884,0.031666666666666884,0.028333333333333082,0.028333333333333082,1.3247655120144353e-16,0.02833333333333299,0.028333333333333176,0.028333333333333082,0.028333333333333082,1.3247655120144353e-16,0.02833333333333299,0.028333333333333176,0.028333333333333915,0.028333333333333915,0.0,0.028333333333333915,0.028333333333333915,0.029999999999999565,0.029999999999999565,1.3247655120144353e-16,0.02999999999999947,0.02999999999999966,0.0266666666666666,0.0266666666666666,1.3247655120144353e-16,0.026666666666666505,0.026666666666666693,0.02666666666666706,0.02666666666666706,5.225521552224742e-16,0.02666666666666743,0.026666666666666693,0.02666666666666706,0.02666666666666706,5.225521552224742e-16,0.02666666666666743,0.026666666666666693,OK,True
10,10. HIGH C@ 25°C #2,HIGH C@ 25°C #2,25.0,4,/content/drive/MyDrive/Battery raw data/RPT Data/10. HIGH C@ 25°C #2/4.csv,M01Ch010[010],10,4,8.0,10.0,discharge,0.029276476361379204,0.029276476361379204,0.029298046796880313,0.0005336426193581105,0.028732375587480506,0.029799006699776795,0.028732375587480506,0.029799006699776795,3,0.030265336384981713,0.029276476361379204,0.02913760044008234,37,39,1,0.08500000000000008,0.08500000000000008,2.651347637902923e-16,0.0849999999999999,0.08500000000000027,0.03350000000000029,0.03350000000000029,1.3256738189514616e-16,0.033500000000000196,0.033500000000000384,0.03183333333333381,0.03183333333333381,1.3256738189514616e-16,0.03183333333333371,0.0318333333333339,0.03183333333333298,0.03183333333333298,2.6009284745375385e-16,0.03183333333333279,0.03183333333333316,0.03383333333333377,0.03383333333333377,1.3256738189514616e-16,0.03383333333333387,0.03383333333333368,0.03483333333333376,0.03483333333333376,2.6009284745375385e-16,0.03483333333333394,0.03483333333333357,0.03133333333333303,0.03133333333333303,2.6009284745375385e-16,0.03133333333333321,0.031333333333332845,0.029666666666666917,0.029666666666666917,2.6251129656189234e-16,0.02966666666666673,0.0296666666666671,0.03399999999999903,0.03399999999999903,2.6009284745375385e-16,0.03399999999999885,0.03399999999999922,OK,True
11,11. HIGH C@ 25°C #3,HIGH C@ 25°C #3,25.0,0,/content/drive/MyDrive/Battery raw data/RPT Data/11. HIGH C@ 25°C #3/0.csv,M01Ch011[011],11,0,8.0,10.0,discharge,0.022777777777777786,0.022777777777777786,0.022666666666666686,0.0005091750772172594,0.02233333333333339,0.02333333333333328,0.02233333333333339,0.02333333333333328,3,0.023666666666666673,0.022777777777777786,0.02255555555555556,37,39,1,0.08999999999999952,0.08999999999999952,2.651347637902923e-16,0.08999999999999934,0.08999999999999972,0.029999999999999565,0.029999999999999565,1.3247655120144353e-16,0.02999999999999947,0.02999999999999966,0.025000000000000116,0.025000000000000116,1.3247655120144353e-16,0.025000000000000022,0.02500000000000021,0.0233333333333328,0.0233333333333328,2.600465634695002e-16,0.023333333333332616,0.023333333333332984,0.0233333333333328,0.0233333333333328,2.600465634695002e-16,0.023333333333332616,0.023333333333332984,0.025000000000000116,0.025000000000000116,1.3247655120144353e-16,0.025000000000000022,0.02500000000000021,0.0266666666666666,0.0266666666666666,1.3247655120144353e-16,0.026666666666666505,0.026666666666666693,0.0233333333333328,0.0233333333333328,2.600465634695002e-16,0.023333333333332616,0.023333333333332984,0.02333333333333243,0.02333333333333243,2.6251129656189234e-16,0.023333333333332616,0.023333333333332245,OK,True
11,11. HIGH C@ 25°C #3,HIGH C@ 25°C #3,25.0,1,/content/drive/MyDrive/Battery raw data/RPT Data/11. HIGH C@ 25°C #3/1.csv,M01Ch011[011],11,1,8.0,10.0,discharge,0.023222222222222182,0.023222222222222182,0.02333333333333328,0.0005091750772172594,0.022666666666666686,0.023666666666666576,0.022666666666666686,0.023666666666666576,3,0.02433333333333337,0.023222222222222182,0.023111111111111107,37,39,1,0.08999999999999952,0.08999999999999952,2.651347637902923e-16,0.08999999999999934,0.08999999999999972,0.029999999999999565,0.029999999999999565,1.3247655120144353e-16,0.02999999999999947,0.02999999999999966,0.025000000000000116,0.025000000000000116,1.3247655120144353e-16,0.025000000000000022,0.02500000000000021,0.0233333333333328,0.0233333333333328,2.600465634695002e-16,0.023333333333332616,0.023333333333332984,0.025000000000000116,0.025000000000000116,1.3247655120144353e-16,0.025000000000000022,0.02500000000000021,0.0266666666666666,0.0266666666666666,1.3247655120144353e-16,0.026666666666666505,0.026666666666666693,0.025000000000000116,0.025000000000000116,1.3247655120144353e-16,0.025000000000000022,0.02500000000000021,0.024999999999999283,0.024999999999999283,2.600465634695002e-16,0.0249999999999991,0.024999999999999467,0.021666666666666317,0.021666666666666317,2.600465634695002e-16,0.021666666666666133,0.0216666666666665,OK,True
11,11. HIGH C@ 25°C #3,HIGH C@ 25°C #3,25.0,2,/content/drive/MyDrive/Battery raw data/RPT Data/11. HIGH C@ 25°C #3/2.csv,M01Ch011[011],11,2,8.0,10.0,discharge,0.024777777777777763,0.024777777777777763,0.024666666666666615,0.0005091750772173409,0.024333333333333318,0.025333333333333357,0.024333333333333318,0.025333333333333357,3,0.025555555555555606,0.024777777777777763,0.02450000000000002,37,39,1,0.09333333333333249,0.09333333333333249,2.651347637902923e-16,0.09333333333333231,0.09333333333333269,0.029999999999999565,0.029999999999999565,1.3247655120144353e-16,0.02999999999999947,0.02999999999999966,0.0266666666666666,0.0266666666666666,1.3247655120144353e-16,0.026666666666666505,0.026666666666666693,0.025000000000000116,0.025000000000000116,1.3247655120144353e-16,0.025000000000000022,0.02500000000000021,0.028333333333333082,0.028333333333333082,1.3247655120144353e-16,0.02833333333333299,0.028333333333333176,0.028333333333333915,0.028333333333333915,0.0,0.028333333333333915,0.028333333333333915,0.025000000000000116,0.025000000000000116,1.3247655120144353e-16,0.025000000000000022,0.02500000000000021,0.02500000000000095,0.02500000000000095,0.0,0.02500000000000095,0.02500000000000095,0.023333333333334094,0.023333333333334094,5.225521552224742e-16,0.023333333333334465,0.023333333333333726,OK,True
11,11. HIGH C@ 25°C #3,HIGH C@ 25°C #3,25.0,3,/content/drive/MyDrive/Battery raw data/RPT Data/11. HIGH C@ 25°C #3/3.csv,M01Ch011[011],11,3,8.0,10.0,discharge,0.0261111111111111,0.0261111111111111,0.02599999999999995,0.0005091750772173389,0.025666666666666654,0.02666666666666669,0.025666666666666654,0.02666666666666669,3,0.027000000000000034,0.0261111111111111,0.025888888888888902,37,39,1,0.0949999999999998,0.0949999999999998,1.2794688166302258e-16,0.09499999999999972,0.0949999999999999,0.031666666666666884,0.031666666666666884,0.0,0.031666666666666884,0.031666666666666884,0.028333333333333082,0.028333333333333082,1.3247655120144353e-16,0.02833333333333299,0.028333333333333176,0.0266666666666666,0.0266666666666666,1.3247655120144353e-16,0.026666666666666505,0.026666666666666693,0.028333333333333082,0.028333333333333082,1.3247655120144353e-16,0.02833333333333299,0.028333333333333176,0.029999999999999565,0.029999999999999565,1.3247655120144353e-16,0.02999999999999947,0.02999999999999966,0.0266666666666666,0.0266666666666666,1.3247655120144353e-16,0.026666666666666505,0.026666666666666693,0.02666666666666706,0.02666666666666706,5.225521552224742e-16,0.02666666666666743,0.026666666666666693,0.02666666666666706,0.02666666666666706,5.225521552224742e-16,0.02666666666666743,0.026666666666666693,OK,True
11,11. HIGH C@ 25°C #3,HIGH C@ 25°C #3,25.0,4,/content/drive/MyDrive/Battery raw data/RPT Data/11. HIGH C@ 25°C #3/4.csv,M01Ch011[011],11,4,8.0,10.0,discharge,0.028933649269790546,0.028933649269790546,0.028933333333333405,0.0004995261702472072,0.02843428114270481,0.029433333333333422,0.02843428114270481,0.029433333333333422,3,0.029910100056317612,0.028933649269790546,0.02873856010871415,37,39,1,0.09483333333333371,0.09483333333333371,1.2794688166302258e-16,0.09483333333333381,0.09483333333333363,0.032999999999999884,0.032999999999999884,2.6495310240288706e-16,0.032999999999999696,0.03300000000000007,0.03166666666666605,0.03166666666666605,1.3256738189514616e-16,0.031666666666665955,0.03166666666666614,0.03149475087485415,0.03149475087485415,1.3256738189514616e-16,0.03149475087485424,0.03149475087485405,0.03333333333333337,0.03333333333333337,0.0,0.03333333333333337,0.03333333333333337,0.03466666666666637,0.03466666666666637,2.6495310240288706e-16,0.03466666666666618,0.034666666666666554,0.030666666666666065,0.030666666666666065,2.6251129656189234e-16,0.03066666666666588,0.030666666666666252,0.02932844525912321,0.02932844525912321,3.469446951953614e-18,0.029328445259123214,0.02932844525912321,0.03416666666666679,0.03416666666666679,2.6009284745375385e-16,0.03416666666666661,0.03416666666666698,OK,True
12,12. HIGH C@ 25°C #4,HIGH C@ 25°C #4,25.0,0,/content/drive/MyDrive/Battery raw data/RPT Data/12. HIGH C@ 25°C #4/0.csv,M01Ch012[012],12,0,8.0,10.0,discharge,0.023444444444444476,0.023444444444444476,0.023333333333333428,0.0005091750772173246,0.022999999999999982,0.02400000000000002,0.022999999999999982,0.02400000000000002,3,0.024666666666666667,0.023444444444444476,0.023388888888888903,37,39,1,0.08833333333333304,0.08833333333333304,2.651347637902923e-16,0.08833333333333286,0.08833333333333324,0.031666666666666884,0.031666666666666884,0.0,0.031666666666666884,0.031666666666666884,0.025000000000000116,0.025000000000000116,1.3247655120144353e-16,0.025000000000000022,0.02500000000000021,0.023333333333333633,0.023333333333333633,1.3247655120144353e-16,0.02333333333333354,0.023333333333333726,0.0233333333333328,0.0233333333333328,2.600465634695002e-16,0.023333333333332616,0.023333333333332984,0.0266666666666666,0.0266666666666666,1.3247655120144353e-16,0.026666666666666505,0.026666666666666693,0.0266666666666666,0.0266666666666666,1.3247655120144353e-16,0.026666666666666505,0.026666666666666693,0.0233333333333328,0.0233333333333328,2.600465634695002e-16,0.023333333333332616,0.023333333333332984,0.023333333333334094,0.023333333333334094,5.225521552224742e-16,0.023333333333334465,0.023333333333333726,OK,True
12,12. HIGH C@ 25°C #4,HIGH C@ 25°C #4,25.0,1,/content/drive/MyDrive/Battery raw data/RPT Data/12. HIGH C@ 25°C #4/1.csv,M01Ch012[012],12,1,8.0,10.0,discharge,0.023666666666666673,0.023666666666666673,0.023666666666666725,0.0003333333333333712,0.02333333333333328,0.02400000000000002,0.02333333333333328,0.02400000000000002,3,0.025000000000000012,0.023666666666666673,0.023666666666666673,37,39,1,0.08833333333333304,0.08833333333333304,2.651347637902923e-16,0.08833333333333286,0.08833333333333324,0.030000000000000398,0.030000000000000398,0.0,0.030000000000000398,0.030000000000000398,0.025000000000000116,0.025000000000000116,1.3247655120144353e-16,0.025000000000000022,0.02500000000000021,0.0233333333333328,0.0233333333333328,2.600465634695002e-16,0.023333333333332616,0.023333333333332984,0.025000000000000116,0.025000000000000116,1.3247655120144353e-16,0.025000000000000022,0.02500000000000021,0.0266666666666666,0.0266666666666666,1.3247655120144353e-16,0.026666666666666505,0.026666666666666693,0.0233333333333328,0.0233333333333328,2.600465634695002e-16,0.023333333333332616,0.023333333333332984,0.0233333333333328,0.0233333333333328,2.600465634695002e-16,0.023333333333332616,0.023333333333332984,0.023333333333334094,0.023333333333334094,5.225521552224742e-16,0.023333333333334465,0.023333333333333726,OK,True
12,12. HIGH C@ 25°C #4,HIGH C@ 25°C #4,25.0,2,/content/drive/MyDrive/Battery raw data/RPT Data/12. HIGH C@ 25°C #4/2.csv,M01Ch012[012],12,2,8.0,10.0,discharge,0.025222222222222212,0.025222222222222212,0.025333333333333357,0.0005091750772173409,0.024666666666666615,0.025666666666666654,0.024666666666666615,0.025666666666666654,3,0.026333333333333344,0.025222222222222212,0.025111111111111112,37,39,1,0.08999999999999952,0.08999999999999952,2.651347637902923e-16,0.08999999999999934,0.08999999999999972,0.03166666666666605,0.03166666666666605,1.3256738189514616e-16,0.031666666666665955,0.03166666666666614,0.0266666666666666,0.0266666666666666,1.3247655120144353e-16,0.026666666666666505,0.026666666666666693,0.025000000000000116,0.025000000000000116,1.3247655120144353e-16,0.025000000000000022,0.02500000000000021,0.028333333333333082,0.028333333333333082,1.3247655120144353e-16,0.02833333333333299,0.028333333333333176,0.028333333333333915,0.028333333333333915,0.0,0.028333333333333915,0.028333333333333915,0.025000000000000116,0.025000000000000116,1.3247655120144353e-16,0.025000000000000022,0.02500000000000021,0.02666666666666706,0.02666666666666706,5.225521552224742e-16,0.02666666666666743,0.026666666666666693,0.02500000000000095,0.02500000000000095,0.0,0.02500000000000095,0.02500000000000095,OK,True
12,12. HIGH C@ 25°C #4,HIGH C@ 25°C #4,25.0,3,/content/drive/MyDrive/Battery raw data/RPT Data/12. HIGH C@ 25°C #4/3.csv,M01Ch012[012],12,3,8.0,10.0,discharge,0.02644444444444444,0.02644444444444444,0.026333333333333393,0.0005091750772173231,0.02599999999999995,0.026999999999999986,0.02599999999999995,0.026999999999999986,3,0.02733333333333333,0.02644444444444444,0.02622222222222222,37,39,1,0.0949999999999998,0.0949999999999998,1.2794688166302258e-16,0.09499999999999972,0.0949999999999999,0.029999999999999565,0.029999999999999565,1.3247655120144353e-16,0.02999999999999947,0.02999999999999966,0.028333333333333082,0.028333333333333082,1.3247655120144353e-16,0.02833333333333299,0.028333333333333176,0.028333333333333082,0.028333333333333082,1.3247655120144353e-16,0.02833333333333299,0.028333333333333176,0.029999999999999565,0.029999999999999565,1.3247655120144353e-16,0.02999999999999947,0.02999999999999966,0.030000000000000398,0.030000000000000398,0.0,0.030000000000000398,0.030000000000000398,0.0266666666666666,0.0266666666666666,1.3247655120144353e-16,0.026666666666666505,0.026666666666666693,0.02666666666666706,0.02666666666666706,5.225521552224742e-16,0.02666666666666743,0.026666666666666693,0.02666666666666706,0.02666666666666706,5.225521552224742e-16,0.02666666666666743,0.026666666666666693,OK,True
12,12. HIGH C@ 25°C #4,HIGH C@ 25°C #4,25.0,4,/content/drive/MyDrive/Battery raw data/RPT Data/12. HIGH C@ 25°C #4/4.csv,M01Ch012[012],12,4,8.0,10.0,discharge,0.02812252889911154,0.02812252889911154,0.028166666666666746,0.0005010003025686201,0.02760092003066776,0.028600000000000108,0.02760092003066776,0.028600000000000108,3,0.029011111111111047,0.02812252889911154,0.02790015185438277,37,39,1,0.09583333333333287,0.09583333333333287,1.3738309013483032e-16,0.09583333333333297,0.09583333333333277,0.031666666666666884,0.031666666666666884,0.0,0.031666666666666884,0.031666666666666884,0.03016666666666649,0.03016666666666649,2.600465634695002e-16,0.030166666666666307,0.030166666666666675,0.029999999999999565,0.029999999999999565,1.3247655120144353e-16,0.02999999999999947,0.02999999999999966,0.032005334222369924,0.032005334222369924,1.2757001226805672e-16,0.032005334222370015,0.032005334222369834,0.03283333333333296,0.03283333333333296,1.2757001226805672e-16,0.03283333333333287,0.03283333333333305,0.029166666666666972,0.029166666666666972,2.6251129656189234e-16,0.029166666666667156,0.029166666666666785,0.028000000000000063,0.028000000000000063,2.600465634695002e-16,0.028000000000000247,0.02799999999999988,0.030833333333332158,0.030833333333332158,5.225521552224742e-16,0.03083333333333179,0.03083333333333253,OK,True
12,12. HIGH C@ 25°C #4,HIGH C@ 25°C #4,25.0,5,/content/drive/MyDrive/Battery raw data/RPT Data/12. HIGH C@ 25°C #4/5.csv,M01Ch012[012],12,5,8.0,10.0,discharge,0.02907777777777781,0.02907777777777781,0.029066666666666723,0.0005167562646325802,0.028566666666666702,0.029599999999999998,0.028566666666666702,0.029599999999999998,3,0.0298999937260865,0.02907777777777781,0.02880555250538737,37,39,1,0.09816666666666751,0.09816666666666751,2.651347637902923e-16,0.0981666666666677,0.09816666666666733,0.032500000000000306,0.032500000000000306,2.6009284745375385e-16,0.032500000000000126,0.032500000000000494,0.031166666666666475,0.031166666666666475,1.3004642372687692e-16,0.03116666666666638,0.031166666666666565,0.0313333333333334,0.0313333333333334,2.6495310240288706e-16,0.03133333333333321,0.03133333333333359,0.03333333333333337,0.03333333333333337,0.0,0.03333333333333337,0.03333333333333337,0.034500000000000274,0.034500000000000274,0.0,0.034500000000000274,0.034500000000000274,0.03049999999999997,0.03049999999999997,0.0,0.03049999999999997,0.03049999999999997,0.029333333333333066,0.029333333333333066,0.0,0.029333333333333066,0.029333333333333066,0.03350000000000075,0.03350000000000075,5.250225931237847e-16,0.033500000000001126,0.033500000000000384,OK,True
13,13. 1V@ 25°C #1,1V@ 25°C #1,25.0,0,/content/drive/MyDrive/Battery raw data/RPT Data/13. 1V@ 25°C #1/0.csv,M01Ch021[021],21,0,8.0,10.0,discharge,0.022666666666666686,0.022666666666666686,0.022666666666666686,0.0003333333333332966,0.02233333333333339,0.022999999999999982,0.02233333333333339,0.022999999999999982,3,0.023666666666666673,0.022666666666666686,0.02250000000000001,37,39,1,0.09000000000000036,0.09000000000000036,1.2794688166302258e-16,0.09000000000000027,0.09000000000000045,0.030000000000000398,0.030000000000000398,0.0,0.030000000000000398,0.030000000000000398,0.025000000000000116,0.025000000000000116,1.3247655120144353e-16,0.025000000000000022,0.02500000000000021,0.0233333333333328,0.0233333333333328,2.600465634695002e-16,0.023333333333332616,0.023333333333332984,0.023333333333333633,0.023333333333333633,1.3247655120144353e-16,0.02333333333333354,0.023333333333333726,0.0266666666666666,0.0266666666666666,1.3247655120144353e-16,0.026666666666666505,0.026666666666666693,0.0266666666666666,0.0266666666666666,1.3247655120144353e-16,0.026666666666666505,0.026666666666666693,0.02166666666666715,0.02166666666666715,1.3247655120144353e-16,0.021666666666667056,0.021666666666667243,0.023333333333334094,0.023333333333334094,5.225521552224742e-16,0.023333333333334465,0.023333333333333726,OK,False
13,13. 1V@ 25°C #1,1V@ 25°C #1,25.0,1,/content/drive/MyDrive/Battery raw data/RPT Data/13. 1V@ 25°C #1/1.csv,M01Ch021[021],21,1,8.0,10.0,discharge,0.023555555555555576,0.023555555555555576,0.023666666666666725,0.0005091750772173409,0.022999999999999982,0.02400000000000002,0.022999999999999982,0.02400000000000002,3,0.024666666666666667,0.023555555555555576,0.023444444444444452,37,39,1,0.08833333333333304,0.08833333333333304,2.651347637902923e-16,0.08833333333333286,0.08833333333333324,0.029999999999999565,0.029999999999999565,1.3247655120144353e-16,0.02999999999999947,0.02999999999999966,0.024999999999999283,0.024999999999999283,2.600465634695002e-16,0.0249999999999991,0.024999999999999467,0.0233333333333328,0.0233333333333328,2.600465634695002e-16,0.023333333333332616,0.023333333333332984,0.024999999999999283,0.024999999999999283,2.600465634695002e-16,0.0249999999999991,0.024999999999999467,0.0266666666666666,0.0266666666666666,1.3247655120144353e-16,0.026666666666666505,0.026666666666666693,0.025000000000000116,0.025000000000000116,1.3247655120144353e-16,0.025000000000000022,0.02500000000000021,0.0233333333333328,0.0233333333333328,2.600465634695002e-16,0.023333333333332616,0.023333333333332984,0.02333333333333243,0.02333333333333243,2.6251129656189234e-16,0.023333333333332616,0.023333333333332245,OK,False
13,13. 1V@ 25°C #1,1V@ 25°C #1,25.0,2,/content/drive/MyDrive/Battery raw data/RPT Data/13. 1V@ 25°C #1/2.csv,M01Ch021[021],21,2,8.0,10.0,discharge,0.025222222222222212,0.025222222222222212,0.025333333333333357,0.0005091750772173409,0.024666666666666615,0.025666666666666654,0.024666666666666615,0.025666666666666654,3,0.0261111111111111,0.025222222222222212,0.024999999999999984,37,39,1,0.09166666666666684,0.09166666666666684,1.2794688166302258e-16,0.09166666666666676,0.09166666666666694,0.031666666666666884,0.031666666666666884,0.0,0.031666666666666884,0.031666666666666884,0.028333333333333082,0.028333333333333082,1.3247655120144353e-16,0.02833333333333299,0.028333333333333176,0.024999999999999283,0.024999999999999283,2.600465634695002e-16,0.0249999999999991,0.024999999999999467,0.028333333333333082,0.028333333333333082,1.3247655120144353e-16,0.02833333333333299,0.028333333333333176,0.028333333333333082,0.028333333333333082,1.3247655120144353e-16,0.02833333333333299,0.028333333333333176,0.0266666666666666,0.0266666666666666,1.3247655120144353e-16,0.026666666666666505,0.026666666666666693,0.02666666666666706,0.02666666666666706,5.225521552224742e-16,0.02666666666666743,0.026666666666666693,0.024999999999999283,0.024999999999999283,2.600465634695002e-16,0.0249999999999991,0.024999999999999467,OK,False
13,13. 1V@ 25°C #1,1V@ 25°C #1,25.0,3,/content/drive/MyDrive/Battery raw data/RPT Data/13. 1V@ 25°C #1/3.csv,M01Ch021[021],21,3,8.0,10.0,discharge,0.027888888888888977,0.027888888888888977,0.028000000000000025,0.0005091750772173246,0.02733333333333343,0.02833333333333347,0.02733333333333343,0.02833333333333347,3,0.028666666666666566,0.027888888888888977,0.027611111111111104,37,39,1,0.09666666666666712,0.09666666666666712,0.0,0.09666666666666712,0.09666666666666712,0.03333333333333337,0.03333333333333337,0.0,0.03333333333333337,0.03333333333333337,0.029999999999999565,0.029999999999999565,1.3247655120144353e-16,0.02999999999999947,0.02999999999999966,0.028333333333333082,0.028333333333333082,1.3247655120144353e-16,0.02833333333333299,0.028333333333333176,0.031666666666666884,0.031666666666666884,0.0,0.031666666666666884,0.031666666666666884,0.031666666666666884,0.031666666666666884,0.0,0.031666666666666884,0.031666666666666884,0.030000000000000398,0.030000000000000398,0.0,0.030000000000000398,0.030000000000000398,0.028333333333333915,0.028333333333333915,0.0,0.028333333333333915,0.028333333333333915,0.030000000000000027,0.030000000000000027,5.225521552224742e-16,0.030000000000000398,0.02999999999999966,OK,False
13,13. 1V@ 25°C #1,1V@ 25°C #1,25.0,4,/content/drive/MyDrive/Battery raw data/RPT Data/13. 1V@ 25°C #1/4.csv,M01Ch021[021],21,4,8.0,10.0,discharge,0.031111111111111135,0.031111111111111135,0.03099999999999999,0.0005091750772173409,0.030666666666666693,0.03166666666666673,0.030666666666666693,0.03166666666666673,3,0.031444444444444386,0.031111111111111135,0.030611111111111092,37,39,1,0.10500000000000037,0.10500000000000037,1.2794688166302258e-16,0.10500000000000047,0.10500000000000029,0.03500000000000068,0.03500000000000068,1.3256738189514616e-16,0.035000000000000774,0.035000000000000586,0.03333333333333337,0.03333333333333337,0.0,0.03333333333333337,0.03333333333333337,0.03333333333333337,0.03333333333333337,0.0,0.03333333333333337,0.03333333333333337,0.03500000000000068,0.03500000000000068,1.3256738189514616e-16,0.035000000000000774,0.035000000000000586,0.036666666666666334,0.036666666666666334,0.0,0.036666666666666334,0.036666666666666334,0.03333333333333299,0.03333333333333299,5.250225931237847e-16,0.03333333333333337,0.033333333333332625,0.031666666666666884,0.031666666666666884,0.0,0.031666666666666884,0.031666666666666884,0.03499999999999985,0.03499999999999985,0.0,0.03499999999999985,0.03499999999999985,OK,False
14,14. 1V@ 25°C #2,1V@ 25°C #2,25.0,0,/content/drive/MyDrive/Battery raw data/RPT Data/14. 1V@ 25°C #2/0.csv,M01Ch022[022],22,0,8.0,10.0,discharge,0.022888888888888886,0.022888888888888886,0.022999999999999982,0.0005091750772172594,0.02233333333333339,0.02333333333333328,0.02233333333333339,0.02333333333333328,3,0.02422222222222217,0.022888888888888886,0.02272222222222221,37,39,1,0.08833333333333304,0.08833333333333304,2.651347637902923e-16,0.08833333333333286,0.08833333333333324,0.029999999999999565,0.029999999999999565,1.3247655120144353e-16,0.02999999999999947,0.02999999999999966,0.0266666666666666,0.0266666666666666,1.3247655120144353e-16,0.026666666666666505,0.026666666666666693,0.025000000000000116,0.025000000000000116,1.3247655120144353e-16,0.025000000000000022,0.02500000000000021,0.025000000000000116,0.025000000000000116,1.3247655120144353e-16,0.025000000000000022,0.02500000000000021,0.025000000000000116,0.025000000000000116,1.3247655120144353e-16,0.025000000000000022,0.02500000000000021,0.0266666666666666,0.0266666666666666,1.3247655120144353e-16,0.026666666666666505,0.026666666666666693,0.021666666666666317,0.021666666666666317,2.600465634695002e-16,0.021666666666666133,0.0216666666666665,0.023333333333334094,0.023333333333334094,5.225521552224742e-16,0.023333333333334465,0.023333333333333726,OK,False
14,14. 1V@ 25°C #2,1V@ 25°C #2,25.0,1,/content/drive/MyDrive/Battery raw data/RPT Data/14. 1V@ 25°C #2/1.csv,M01Ch022[022],22,1,8.0,10.0,discharge,0.023333333333333327,0.023333333333333327,0.02333333333333328,0.0003333333333333712,0.022999999999999982,0.023666666666666725,0.022999999999999982,0.023666666666666725,3,0.02433333333333337,0.023333333333333327,0.023333333333333327,37,39,1,0.08833333333333304,0.08833333333333304,2.651347637902923e-16,0.08833333333333286,0.08833333333333324,0.028333333333333082,0.028333333333333082,1.3247655120144353e-16,0.02833333333333299,0.028333333333333176,0.025000000000000116,0.025000000000000116,1.3247655120144353e-16,0.025000000000000022,0.02500000000000021,0.023333333333333633,0.023333333333333633,1.3247655120144353e-16,0.02333333333333354,0.023333333333333726,0.025000000000000116,0.025000000000000116,1.3247655120144353e-16,0.025000000000000022,0.02500000000000021,0.0266666666666666,0.0266666666666666,1.3247655120144353e-16,0.026666666666666505,0.026666666666666693,0.025000000000000116,0.025000000000000116,1.3247655120144353e-16,0.025000000000000022,0.02500000000000021,0.023333333333333633,0.023333333333333633,1.3247655120144353e-16,0.02333333333333354,0.023333333333333726,0.023333333333334094,0.023333333333334094,5.225521552224742e-16,0.023333333333334465,0.023333333333333726,OK,False
14,14. 1V@ 25°C #2,1V@ 25°C #2,25.0,2,/content/drive/MyDrive/Battery raw data/RPT Data/14. 1V@ 25°C #2/2.csv,M01Ch022[022],22,2,8.0,10.0,discharge,0.024777777777777763,0.024777777777777763,0.024666666666666615,0.0005091750772173409,0.024333333333333318,0.025333333333333357,0.024333333333333318,0.025333333333333357,3,0.025666666666666702,0.024777777777777763,0.024722222222222215,37,39,1,0.08833333333333304,0.08833333333333304,2.651347637902923e-16,0.08833333333333286,0.08833333333333324,0.029999999999999565,0.029999999999999565,1.3247655120144353e-16,0.02999999999999947,0.02999999999999966,0.0266666666666666,0.0266666666666666,1.3247655120144353e-16,0.026666666666666505,0.026666666666666693,0.025000000000000116,0.025000000000000116,1.3247655120144353e-16,0.025000000000000022,0.02500000000000021,0.0266666666666666,0.0266666666666666,1.3247655120144353e-16,0.026666666666666505,0.026666666666666693,0.028333333333333082,0.028333333333333082,1.3247655120144353e-16,0.02833333333333299,0.028333333333333176,0.025000000000000116,0.025000000000000116,1.3247655120144353e-16,0.025000000000000022,0.02500000000000021,0.024999999999999283,0.024999999999999283,2.600465634695002e-16,0.0249999999999991,0.024999999999999467,0.023333333333334094,0.023333333333334094,5.225521552224742e-16,0.023333333333334465,0.023333333333333726,OK,False
14,14. 1V@ 25°C #2,1V@ 25°C #2,25.0,3,/content/drive/MyDrive/Battery raw data/RPT Data/14. 1V@ 25°C #2/3.csv,M01Ch022[022],22,3,8.0,10.0,discharge,0.02722222222222223,0.02722222222222223,0.027333333333333282,0.0005091750772173246,0.02666666666666669,0.027666666666666728,0.02666666666666669,0.027666666666666728,3,0.027777777777777776,0.02722222222222223,0.026833333333333338,37,39,1,0.09333333333333332,0.09333333333333332,1.2794688166302258e-16,0.09333333333333324,0.09333333333333342,0.031666666666666884,0.031666666666666884,0.0,0.031666666666666884,0.031666666666666884,0.029999999999999565,0.029999999999999565,1.3247655120144353e-16,0.02999999999999947,0.02999999999999966,0.028333333333333082,0.028333333333333082,1.3247655120144353e-16,0.02833333333333299,0.028333333333333176,0.030000000000000398,0.030000000000000398,0.0,0.030000000000000398,0.030000000000000398,0.031666666666666884,0.031666666666666884,0.0,0.031666666666666884,0.031666666666666884,0.028333333333333082,0.028333333333333082,1.3247655120144353e-16,0.02833333333333299,0.028333333333333176,0.02666666666666706,0.02666666666666706,5.225521552224742e-16,0.02666666666666743,0.026666666666666693,0.028333333333333915,0.028333333333333915,0.0,0.028333333333333915,0.028333333333333915,OK,False
14,14. 1V@ 25°C #2,1V@ 25°C #2,25.0,4,/content/drive/MyDrive/Battery raw data/RPT Data/14. 1V@ 25°C #2/4.csv,M01Ch022[022],22,4,8.0,10.0,discharge,0.02966666666666661,0.02966666666666661,0.029666666666666657,0.0006666666666666678,0.028999999999999915,0.03033333333333325,0.028999999999999915,0.03033333333333325,3,0.030222222222222248,0.02966666666666661,0.029277777777777764,37,39,1,0.0983333333333336,0.0983333333333336,0.0,0.0983333333333336,0.0983333333333336,0.033333333333332535,0.033333333333332535,1.3256738189514616e-16,0.03333333333333244,0.033333333333332625,0.03166666666666605,0.03166666666666605,1.3256738189514616e-16,0.031666666666665955,0.03166666666666614,0.029999999999999565,0.029999999999999565,1.3247655120144353e-16,0.02999999999999947,0.02999999999999966,0.03333333333333337,0.03333333333333337,0.0,0.03333333333333337,0.03333333333333337,0.03333333333333337,0.03333333333333337,0.0,0.03333333333333337,0.03333333333333337,0.031666666666666884,0.031666666666666884,0.0,0.031666666666666884,0.031666666666666884,0.030000000000000027,0.030000000000000027,5.225521552224742e-16,0.030000000000000398,0.02999999999999966,0.03499999999999985,0.03499999999999985,0.0,0.03499999999999985,0.03499999999999985,OK,False
15,15. 1V@ 25°C #3,1V@ 25°C #3,25.0,0,/content/drive/MyDrive/Battery raw data/RPT Data/15. 1V@ 25°C #3/0.csv,M01Ch023[023],23,0,8.0,10.0,discharge,0.023111111111111127,0.023111111111111127,0.022999999999999982,0.0005091750772173409,0.022666666666666686,0.023666666666666725,0.022666666666666686,0.023666666666666725,3,0.024333333333333266,0.023111111111111127,0.023055555555555534,37,39,1,0.08999999999999952,0.08999999999999952,2.651347637902923e-16,0.08999999999999934,0.08999999999999972,0.030000000000000398,0.030000000000000398,0.0,0.030000000000000398,0.030000000000000398,0.025000000000000116,0.025000000000000116,1.3247655120144353e-16,0.025000000000000022,0.02500000000000021,0.023333333333333633,0.023333333333333633,1.3247655120144353e-16,0.02333333333333354,0.023333333333333726,0.025000000000000116,0.025000000000000116,1.3247655120144353e-16,0.025000000000000022,0.02500000000000021,0.025000000000000116,0.025000000000000116,1.3247655120144353e-16,0.025000000000000022,0.02500000000000021,0.0266666666666666,0.0266666666666666,1.3247655120144353e-16,0.026666666666666505,0.026666666666666693,0.02166666666666715,0.02166666666666715,1.3247655120144353e-16,0.021666666666667056,0.021666666666667243,0.023333333333334094,0.023333333333334094,5.225521552224742e-16,0.023333333333334465,0.023333333333333726,OK,False
15,15. 1V@ 25°C #3,1V@ 25°C #3,25.0,1,/content/drive/MyDrive/Battery raw data/RPT Data/15. 1V@ 25°C #3/1.csv,M01Ch023[023],23,1,8.0,10.0,discharge,0.024222222222222218,0.024222222222222218,0.024333333333333318,0.0005091750772172594,0.023666666666666725,0.024666666666666615,0.023666666666666725,0.024666666666666615,3,0.025000000000000012,0.024222222222222218,0.02394444444444445,37,39,1,0.08999999999999952,0.08999999999999952,2.651347637902923e-16,0.08999999999999934,0.08999999999999972,0.030000000000000398,0.030000000000000398,0.0,0.030000000000000398,0.030000000000000398,0.0266666666666666,0.0266666666666666,1.3247655120144353e-16,0.026666666666666505,0.026666666666666693,0.023333333333333633,0.023333333333333633,1.3247655120144353e-16,0.02333333333333354,0.023333333333333726,0.025000000000000116,0.025000000000000116,1.3247655120144353e-16,0.025000000000000022,0.02500000000000021,0.0266666666666666,0.0266666666666666,1.3247655120144353e-16,0.026666666666666505,0.026666666666666693,0.025000000000000116,0.025000000000000116,1.3247655120144353e-16,0.025000000000000022,0.02500000000000021,0.025000000000000116,0.025000000000000116,1.3247655120144353e-16,0.025000000000000022,0.02500000000000021,0.02333333333333243,0.02333333333333243,2.6251129656189234e-16,0.023333333333332616,0.023333333333332245,OK,False
15,15. 1V@ 25°C #3,1V@ 25°C #3,25.0,2,/content/drive/MyDrive/Battery raw data/RPT Data/15. 1V@ 25°C #3/2.csv,M01Ch023[023],23,2,8.0,10.0,discharge,0.025777777777777802,0.025777777777777802,0.025666666666666654,0.0005091750772173389,0.025333333333333357,0.026333333333333393,0.025333333333333357,0.026333333333333393,3,0.02655555555555554,0.025777777777777802,0.025500000000000005,37,39,1,0.08999999999999952,0.08999999999999952,2.651347637902923e-16,0.08999999999999934,0.08999999999999972,0.031666666666666884,0.031666666666666884,0.0,0.031666666666666884,0.031666666666666884,0.0266666666666666,0.0266666666666666,1.3247655120144353e-16,0.026666666666666505,0.026666666666666693,0.0266666666666666,0.0266666666666666,1.3247655120144353e-16,0.026666666666666505,0.026666666666666693,0.028333333333333082,0.028333333333333082,1.3247655120144353e-16,0.02833333333333299,0.028333333333333176,0.030000000000000398,0.030000000000000398,0.0,0.030000000000000398,0.030000000000000398,0.0266666666666666,0.0266666666666666,1.3247655120144353e-16,0.026666666666666505,0.026666666666666693,0.02666666666666706,0.02666666666666706,5.225521552224742e-16,0.02666666666666743,0.026666666666666693,0.02500000000000095,0.02500000000000095,0.0,0.02500000000000095,0.02500000000000095,OK,False
15,15. 1V@ 25°C #3,1V@ 25°C #3,25.0,3,/content/drive/MyDrive/Battery raw data/RPT Data/15. 1V@ 25°C #3/3.csv,M01Ch023[023],23,3,8.0,10.0,discharge,0.028222222222222326,0.028222222222222326,0.02833333333333347,0.0005091750772173409,0.027666666666666728,0.028666666666666767,0.027666666666666728,0.028666666666666767,3,0.028999999999999967,0.028222222222222326,0.027944444444444477,37,39,1,0.09666666666666629,0.09666666666666629,1.2794688166302258e-16,0.0966666666666662,0.09666666666666639,0.03166666666666605,0.03166666666666605,1.3256738189514616e-16,0.031666666666665955,0.03166666666666614,0.030000000000000398,0.030000000000000398,0.0,0.030000000000000398,0.030000000000000398,0.029999999999999565,0.029999999999999565,1.3247655120144353e-16,0.02999999999999947,0.02999999999999966,0.03166666666666605,0.03166666666666605,1.3256738189514616e-16,0.031666666666665955,0.03166666666666614,0.03166666666666605,0.03166666666666605,1.3256738189514616e-16,0.031666666666665955,0.03166666666666614,0.029999999999999565,0.029999999999999565,1.3247655120144353e-16,0.02999999999999947,0.02999999999999966,0.028333333333333915,0.028333333333333915,0.0,0.028333333333333915,0.028333333333333915,0.030000000000000027,0.030000000000000027,5.225521552224742e-16,0.030000000000000398,0.02999999999999966,OK,False
15,15. 1V@ 25°C #3,1V@ 25°C #3,25.0,4,/content/drive/MyDrive/Battery raw data/RPT Data/15. 1V@ 25°C #3/4.csv,M01Ch023[023],23,4,8.0,10.0,discharge,0.031000000000000038,0.031000000000000038,0.03099999999999999,0.0006666666666666678,0.030333333333333396,0.03166666666666673,0.030333333333333396,0.03166666666666673,3,0.03155555555555554,0.031000000000000038,0.03061111111111112,37,39,1,0.10500000000000037,0.10500000000000037,1.2794688166302258e-16,0.10500000000000047,0.10500000000000029,0.03333333333333337,0.03333333333333337,0.0,0.03333333333333337,0.03333333333333337,0.03333333333333337,0.03333333333333337,0.0,0.03333333333333337,0.03333333333333337,0.03166666666666605,0.03166666666666605,1.3256738189514616e-16,0.031666666666665955,0.03166666666666614,0.03499999999999985,0.03499999999999985,0.0,0.03499999999999985,0.03499999999999985,0.036666666666667166,0.036666666666667166,1.3256738189514616e-16,0.03666666666666726,0.03666666666666707,0.031666666666666884,0.031666666666666884,0.0,0.031666666666666884,0.031666666666666884,0.031666666666666884,0.031666666666666884,0.0,0.031666666666666884,0.031666666666666884,0.03333333333333299,0.03333333333333299,5.250225931237847e-16,0.03333333333333337,0.033333333333332625,OK,False
16,16. 1V@ 25°C #4,1V@ 25°C #4,25.0,0,/content/drive/MyDrive/Battery raw data/RPT Data/16. 1V@ 25°C #4/0.csv,M01Ch024[024],24,0,8.0,10.0,discharge,0.022666666666666686,0.022666666666666686,0.022666666666666686,0.0003333333333332966,0.02233333333333339,0.022999999999999982,0.02233333333333339,0.022999999999999982,3,0.02399999999999997,0.022666666666666686,0.022666666666666658,37,39,1,0.08999999999999952,0.08999999999999952,2.651347637902923e-16,0.08999999999999934,0.08999999999999972,0.031666666666666884,0.031666666666666884,0.0,0.031666666666666884,0.031666666666666884,0.025000000000000116,0.025000000000000116,1.3247655120144353e-16,0.025000000000000022,0.02500000000000021,0.023333333333333633,0.023333333333333633,1.3247655120144353e-16,0.02333333333333354,0.023333333333333726,0.025000000000000116,0.025000000000000116,1.3247655120144353e-16,0.025000000000000022,0.02500000000000021,0.025000000000000116,0.025000000000000116,1.3247655120144353e-16,0.025000000000000022,0.02500000000000021,0.0266666666666666,0.0266666666666666,1.3247655120144353e-16,0.026666666666666505,0.026666666666666693,0.023333333333333633,0.023333333333333633,1.3247655120144353e-16,0.02333333333333354,0.023333333333333726,0.023333333333334094,0.023333333333334094,5.225521552224742e-16,0.023333333333334465,0.023333333333333726,OK,False
16,16. 1V@ 25°C #4,1V@ 25°C #4,25.0,1,/content/drive/MyDrive/Battery raw data/RPT Data/16. 1V@ 25°C #4/1.csv,M01Ch024[024],24,1,8.0,10.0,discharge,0.02400000000000002,0.02400000000000002,0.02400000000000002,0.0003333333333332966,0.023666666666666725,0.024333333333333318,0.023666666666666725,0.024333333333333318,3,0.025222222222222212,0.02400000000000002,0.024111111111111097,37,39,1,0.09000000000000036,0.09000000000000036,1.2794688166302258e-16,0.09000000000000027,0.09000000000000045,0.031666666666666884,0.031666666666666884,0.0,0.031666666666666884,0.031666666666666884,0.025000000000000116,0.025000000000000116,1.3247655120144353e-16,0.025000000000000022,0.02500000000000021,0.025000000000000116,0.025000000000000116,1.3247655120144353e-16,0.025000000000000022,0.02500000000000021,0.0266666666666666,0.0266666666666666,1.3247655120144353e-16,0.026666666666666505,0.026666666666666693,0.0266666666666666,0.0266666666666666,1.3247655120144353e-16,0.026666666666666505,0.026666666666666693,0.025000000000000116,0.025000000000000116,1.3247655120144353e-16,0.025000000000000022,0.02500000000000021,0.0233333333333328,0.0233333333333328,2.600465634695002e-16,0.023333333333332616,0.023333333333332984,0.02333333333333243,0.02333333333333243,2.6251129656189234e-16,0.023333333333332616,0.023333333333332245,OK,False
16,16. 1V@ 25°C #4,1V@ 25°C #4,25.0,2,/content/drive/MyDrive/Battery raw data/RPT Data/16. 1V@ 25°C #4/2.csv,M01Ch024[024],24,2,8.0,10.0,discharge,0.025444444444444506,0.025444444444444506,0.025333333333333357,0.0005091750772173389,0.02500000000000006,0.026000000000000096,0.02500000000000006,0.026000000000000096,3,0.026777777777777737,0.025444444444444506,0.025444444444444454,37,39,1,0.09166666666666684,0.09166666666666684,1.2794688166302258e-16,0.09166666666666676,0.09166666666666694,0.031666666666666884,0.031666666666666884,0.0,0.031666666666666884,0.031666666666666884,0.0266666666666666,0.0266666666666666,1.3247655120144353e-16,0.026666666666666505,0.026666666666666693,0.0266666666666666,0.0266666666666666,1.3247655120144353e-16,0.026666666666666505,0.026666666666666693,0.028333333333333082,0.028333333333333082,1.3247655120144353e-16,0.02833333333333299,0.028333333333333176,0.030000000000000398,0.030000000000000398,0.0,0.030000000000000398,0.030000000000000398,0.025000000000000116,0.025000000000000116,1.3247655120144353e-16,0.025000000000000022,0.02500000000000021,0.02666666666666706,0.02666666666666706,5.225521552224742e-16,0.02666666666666743,0.026666666666666693,0.02500000000000095,0.02500000000000095,0.0,0.02500000000000095,0.02500000000000095,OK,False
16,16. 1V@ 25°C #4,1V@ 25°C #4,25.0,3,/content/drive/MyDrive/Battery raw data/RPT Data/16. 1V@ 25°C #4/3.csv,M01Ch024[024],24,3,8.0,10.0,discharge,0.028444444444444522,0.028444444444444522,0.02833333333333347,0.0005091750772173246,0.028000000000000025,0.029000000000000064,0.028000000000000025,0.029000000000000064,3,0.028999999999999967,0.028444444444444522,0.028055555555555573,37,39,1,0.09833333333333277,0.09833333333333277,1.2794688166302258e-16,0.09833333333333269,0.09833333333333287,0.031666666666666884,0.031666666666666884,0.0,0.031666666666666884,0.031666666666666884,0.029999999999999565,0.029999999999999565,1.3247655120144353e-16,0.02999999999999947,0.02999999999999966,0.028333333333333082,0.028333333333333082,1.3247655120144353e-16,0.02833333333333299,0.028333333333333176,0.031666666666666884,0.031666666666666884,0.0,0.031666666666666884,0.031666666666666884,0.033333333333332535,0.033333333333332535,1.3256738189514616e-16,0.03333333333333244,0.033333333333332625,0.030000000000000398,0.030000000000000398,0.0,0.030000000000000398,0.030000000000000398,0.028333333333333915,0.028333333333333915,0.0,0.028333333333333915,0.028333333333333915,0.030000000000000027,0.030000000000000027,5.225521552224742e-16,0.030000000000000398,0.02999999999999966,OK,False
16,16. 1V@ 25°C #4,1V@ 25°C #4,25.0,4,/content/drive/MyDrive/Battery raw data/RPT Data/16. 1V@ 25°C #4/4.csv,M01Ch024[024],24,4,8.0,10.0,discharge,0.03144444444444448,0.03144444444444448,0.031333333333333435,0.0005091750772173246,0.03099999999999999,0.03200000000000003,0.03099999999999999,0.03200000000000003,3,0.03199999999999993,0.03144444444444448,0.03105555555555554,37,39,1,0.10833333333333334,0.10833333333333334,1.2794688166302258e-16,0.10833333333333343,0.10833333333333325,0.03499999999999985,0.03499999999999985,0.0,0.03499999999999985,0.03499999999999985,0.03333333333333337,0.03333333333333337,0.0,0.03333333333333337,0.03333333333333337,0.03333333333333337,0.03333333333333337,0.0,0.03333333333333337,0.03333333333333337,0.03499999999999985,0.03499999999999985,0.0,0.03499999999999985,0.03499999999999985,0.036666666666667166,0.036666666666667166,1.3256738189514616e-16,0.03666666666666726,0.03666666666666707,0.031666666666666884,0.031666666666666884,0.0,0.031666666666666884,0.031666666666666884,0.031666666666666884,0.031666666666666884,0.0,0.031666666666666884,0.031666666666666884,0.03499999999999985,0.03499999999999985,0.0,0.03499999999999985,0.03499999999999985,OK,False
17,17. 4.35V@ 25°C #1,4.35V@ 25°C #1,25.0,0,/content/drive/MyDrive/Battery raw data/RPT Data/17. 4.35V@ 25°C #1/0.csv,M01Ch013[013],13,0,8.0,10.0,discharge,0.023111111111111127,0.023111111111111127,0.022999999999999982,0.0005091750772173409,0.022666666666666686,0.023666666666666725,0.022666666666666686,0.023666666666666725,3,0.02399999999999997,0.023111111111111127,0.022888888888888886,37,39,1,0.08999999999999952,0.08999999999999952,2.651347637902923e-16,0.08999999999999934,0.08999999999999972,0.030000000000000398,0.030000000000000398,0.0,0.030000000000000398,0.030000000000000398,0.025000000000000116,0.025000000000000116,1.3247655120144353e-16,0.025000000000000022,0.02500000000000021,0.023333333333333633,0.023333333333333633,1.3247655120144353e-16,0.02333333333333354,0.023333333333333726,0.0233333333333328,0.0233333333333328,2.600465634695002e-16,0.023333333333332616,0.023333333333332984,0.025000000000000116,0.025000000000000116,1.3247655120144353e-16,0.025000000000000022,0.02500000000000021,0.0266666666666666,0.0266666666666666,1.3247655120144353e-16,0.026666666666666505,0.026666666666666693,0.0233333333333328,0.0233333333333328,2.600465634695002e-16,0.023333333333332616,0.023333333333332984,0.021666666666666317,0.021666666666666317,2.600465634695002e-16,0.021666666666666133,0.0216666666666665,OK,False
17,17. 4.35V@ 25°C #1,4.35V@ 25°C #1,25.0,1,/content/drive/MyDrive/Battery raw data/RPT Data/17. 4.35V@ 25°C #1/1.csv,M01Ch013[013],13,1,8.0,10.0,discharge,0.022999999999999982,0.022999999999999982,0.022999999999999982,0.0003333333333332966,0.022666666666666686,0.02333333333333328,0.022666666666666686,0.02333333333333328,3,0.024000000000000073,0.022999999999999982,0.022833333333333358,37,39,1,0.08833333333333304,0.08833333333333304,2.651347637902923e-16,0.08833333333333286,0.08833333333333324,0.029999999999999565,0.029999999999999565,1.3247655120144353e-16,0.02999999999999947,0.02999999999999966,0.025000000000000116,0.025000000000000116,1.3247655120144353e-16,0.025000000000000022,0.02500000000000021,0.0233333333333328,0.0233333333333328,2.600465634695002e-16,0.023333333333332616,0.023333333333332984,0.024999999999999283,0.024999999999999283,2.600465634695002e-16,0.0249999999999991,0.024999999999999467,0.0266666666666666,0.0266666666666666,1.3247655120144353e-16,0.026666666666666505,0.026666666666666693,0.024999999999999283,0.024999999999999283,2.600465634695002e-16,0.0249999999999991,0.024999999999999467,0.023333333333333633,0.023333333333333633,1.3247655120144353e-16,0.02333333333333354,0.023333333333333726,0.02333333333333243,0.02333333333333243,2.6251129656189234e-16,0.023333333333332616,0.023333333333332245,OK,False
17,17. 4.35V@ 25°C #1,4.35V@ 25°C #1,25.0,2,/content/drive/MyDrive/Battery raw data/RPT Data/17. 4.35V@ 25°C #1/2.csv,M01Ch013[013],13,2,8.0,10.0,discharge,0.02411111111111112,0.02411111111111112,0.02400000000000002,0.0005091750772172594,0.023666666666666725,0.024666666666666615,0.023666666666666725,0.024666666666666615,3,0.025555555555555554,0.02411111111111112,0.02416666666666667,37,39,1,0.08833333333333304,0.08833333333333304,2.651347637902923e-16,0.08833333333333286,0.08833333333333324,0.029999999999999565,0.029999999999999565,1.3247655120144353e-16,0.02999999999999947,0.02999999999999966,0.0266666666666666,0.0266666666666666,1.3247655120144353e-16,0.026666666666666505,0.026666666666666693,0.025000000000000116,0.025000000000000116,1.3247655120144353e-16,0.025000000000000022,0.02500000000000021,0.0266666666666666,0.0266666666666666,1.3247655120144353e-16,0.026666666666666505,0.026666666666666693,0.028333333333333082,0.028333333333333082,1.3247655120144353e-16,0.02833333333333299,0.028333333333333176,0.025000000000000116,0.025000000000000116,1.3247655120144353e-16,0.025000000000000022,0.02500000000000021,0.024999999999999283,0.024999999999999283,2.600465634695002e-16,0.0249999999999991,0.024999999999999467,0.023333333333334094,0.023333333333334094,5.225521552224742e-16,0.023333333333334465,0.023333333333333726,OK,False
17,17. 4.35V@ 25°C #1,4.35V@ 25°C #1,25.0,3,/content/drive/MyDrive/Battery raw data/RPT Data/17. 4.35V@ 25°C #1/3.csv,M01Ch013[013],13,3,8.0,10.0,discharge,0.026111111111111144,0.026111111111111144,0.026000000000000096,0.0005091750772173231,0.025666666666666654,0.02666666666666669,0.025666666666666654,0.02666666666666669,3,0.027222222222222186,0.026111111111111144,0.026,37,39,1,0.09333333333333332,0.09333333333333332,1.2794688166302258e-16,0.09333333333333324,0.09333333333333342,0.030000000000000398,0.030000000000000398,0.0,0.030000000000000398,0.030000000000000398,0.028333333333333915,0.028333333333333915,0.0,0.028333333333333915,0.028333333333333915,0.0266666666666666,0.0266666666666666,1.3247655120144353e-16,0.026666666666666505,0.026666666666666693,0.030000000000000398,0.030000000000000398,0.0,0.030000000000000398,0.030000000000000398,0.029999999999999565,0.029999999999999565,1.3247655120144353e-16,0.02999999999999947,0.02999999999999966,0.0266666666666666,0.0266666666666666,1.3247655120144353e-16,0.026666666666666505,0.026666666666666693,0.02666666666666706,0.02666666666666706,5.225521552224742e-16,0.02666666666666743,0.026666666666666693,0.02666666666666706,0.02666666666666706,5.225521552224742e-16,0.02666666666666743,0.026666666666666693,OK,False
17,17. 4.35V@ 25°C #1,4.35V@ 25°C #1,25.0,4,/content/drive/MyDrive/Battery raw data/RPT Data/17. 4.35V@ 25°C #1/4.csv,M01Ch013[013],13,4,8.0,10.0,discharge,0.029111111111111063,0.029111111111111063,0.028999999999999915,0.0005091750772173409,0.028666666666666618,0.029666666666666657,0.028666666666666618,0.029666666666666657,3,0.029666666666666706,0.029111111111111063,0.02872222222222222,37,39,1,0.09666666666666712,0.09666666666666712,0.0,0.09666666666666712,0.09666666666666712,0.03333333333333337,0.03333333333333337,0.0,0.03333333333333337,0.03333333333333337,0.031666666666666884,0.031666666666666884,0.0,0.031666666666666884,0.031666666666666884,0.03166666666666605,0.03166666666666605,1.3256738189514616e-16,0.031666666666665955,0.03166666666666614,0.03333333333333337,0.03333333333333337,0.0,0.03333333333333337,0.03333333333333337,0.03499999999999985,0.03499999999999985,0.0,0.03499999999999985,0.03499999999999985,0.031666666666666884,0.031666666666666884,0.0,0.031666666666666884,0.031666666666666884,0.028333333333333915,0.028333333333333915,0.0,0.028333333333333915,0.028333333333333915,0.031666666666666884,0.031666666666666884,0.0,0.031666666666666884,0.031666666666666884,OK,False
17,17. 4.35V@ 25°C #1,4.35V@ 25°C #1,25.0,5,/content/drive/MyDrive/Battery raw data/RPT Data/17. 4.35V@ 25°C #1/5.csv,M01Ch013[013],13,5,8.0,10.0,discharge,0.030832305589813702,0.030832305589813702,0.030865637812072935,0.0005507386967720253,0.030265657811406357,0.03136562114596182,0.030265657811406357,0.03136562114596182,3,0.031842344282579566,0.030832305589813702,0.030637367407217255,37,39,1,0.09866666666666626,0.09866666666666626,1.2794688166302258e-16,0.09866666666666635,0.09866666666666617,0.03466666666666637,0.03466666666666637,2.6495310240288706e-16,0.03466666666666618,0.034666666666666554,0.03316113981003227,0.03316113981003227,2.6009284745375385e-16,0.03316113981003245,0.03316113981003208,0.03366105649058508,0.03366105649058508,2.6495310240288706e-16,0.03366105649058527,0.033661056490584894,0.03532744542576237,0.03532744542576237,2.6495310240288706e-16,0.035327445425762556,0.03532744542576218,0.036666666666666334,0.036666666666666334,0.0,0.036666666666666334,0.036666666666666334,0.03283333333333379,0.03283333333333379,0.0,0.03283333333333379,0.03283333333333379,0.031661389768372156,0.031661389768372156,0.0,0.031661389768372156,0.031661389768372156,0.03699999999999981,0.03699999999999981,2.6009284745375385e-16,0.037,0.03699999999999963,OK,False
18,18. 4.35V@ 25°C #2,4.35V@ 25°C #2,25.0,0,/content/drive/MyDrive/Battery raw data/RPT Data/18. 4.35V@ 25°C #2/0.csv,M01Ch014[014],14,0,8.0,10.0,discharge,0.02255555555555559,0.02255555555555559,0.022666666666666686,0.0005091750772172594,0.022000000000000092,0.022999999999999982,0.022000000000000092,0.022999999999999982,3,0.02399999999999997,0.02255555555555559,0.02261111111111111,37,39,1,0.08833333333333304,0.08833333333333304,2.651347637902923e-16,0.08833333333333286,0.08833333333333324,0.030000000000000398,0.030000000000000398,0.0,0.030000000000000398,0.030000000000000398,0.025000000000000116,0.025000000000000116,1.3247655120144353e-16,0.025000000000000022,0.02500000000000021,0.023333333333333633,0.023333333333333633,1.3247655120144353e-16,0.02333333333333354,0.023333333333333726,0.025000000000000116,0.025000000000000116,1.3247655120144353e-16,0.025000000000000022,0.02500000000000021,0.025000000000000116,0.025000000000000116,1.3247655120144353e-16,0.025000000000000022,0.02500000000000021,0.0266666666666666,0.0266666666666666,1.3247655120144353e-16,0.026666666666666505,0.026666666666666693,0.0233333333333328,0.0233333333333328,2.600465634695002e-16,0.023333333333332616,0.023333333333332984,0.023333333333334094,0.023333333333334094,5.225521552224742e-16,0.023333333333334465,0.023333333333333726,OK,False
18,18. 4.35V@ 25°C #2,4.35V@ 25°C #2,25.0,1,/content/drive/MyDrive/Battery raw data/RPT Data/18. 4.35V@ 25°C #2/1.csv,M01Ch014[014],14,1,8.0,10.0,discharge,0.023111111111111127,0.023111111111111127,0.022999999999999982,0.0005091750772173409,0.022666666666666686,0.023666666666666725,0.022666666666666686,0.023666666666666725,3,0.024666666666666667,0.023111111111111127,0.023222222222222227,37,39,1,0.08833333333333304,0.08833333333333304,2.651347637902923e-16,0.08833333333333286,0.08833333333333324,0.03166666666666605,0.03166666666666605,1.3256738189514616e-16,0.031666666666665955,0.03166666666666614,0.0266666666666666,0.0266666666666666,1.3247655120144353e-16,0.026666666666666505,0.026666666666666693,0.0233333333333328,0.0233333333333328,2.600465634695002e-16,0.023333333333332616,0.023333333333332984,0.024999999999999283,0.024999999999999283,2.600465634695002e-16,0.0249999999999991,0.024999999999999467,0.0266666666666666,0.0266666666666666,1.3247655120144353e-16,0.026666666666666505,0.026666666666666693,0.024999999999999283,0.024999999999999283,2.600465634695002e-16,0.0249999999999991,0.024999999999999467,0.0233333333333328,0.0233333333333328,2.600465634695002e-16,0.023333333333332616,0.023333333333332984,0.02333333333333243,0.02333333333333243,2.6251129656189234e-16,0.023333333333332616,0.023333333333332245,OK,False
18,18. 4.35V@ 25°C #2,4.35V@ 25°C #2,25.0,2,/content/drive/MyDrive/Battery raw data/RPT Data/18. 4.35V@ 25°C #2/2.csv,M01Ch014[014],14,2,8.0,10.0,discharge,0.02455555555555562,0.02455555555555562,0.024666666666666764,0.0005091750772173409,0.02400000000000002,0.02500000000000006,0.02400000000000002,0.02500000000000006,3,0.025888888888888902,0.02455555555555562,0.02472222222222224,37,39,1,0.08999999999999952,0.08999999999999952,2.651347637902923e-16,0.08999999999999934,0.08999999999999972,0.03166666666666605,0.03166666666666605,1.3256738189514616e-16,0.031666666666665955,0.03166666666666614,0.0266666666666666,0.0266666666666666,1.3247655120144353e-16,0.026666666666666505,0.026666666666666693,0.0266666666666666,0.0266666666666666,1.3247655120144353e-16,0.026666666666666505,0.026666666666666693,0.0266666666666666,0.0266666666666666,1.3247655120144353e-16,0.026666666666666505,0.026666666666666693,0.028333333333333082,0.028333333333333082,1.3247655120144353e-16,0.02833333333333299,0.028333333333333176,0.0266666666666666,0.0266666666666666,1.3247655120144353e-16,0.026666666666666505,0.026666666666666693,0.024999999999999283,0.024999999999999283,2.600465634695002e-16,0.0249999999999991,0.024999999999999467,0.024999999999999283,0.024999999999999283,2.600465634695002e-16,0.0249999999999991,0.024999999999999467,OK,False
18,18. 4.35V@ 25°C #2,4.35V@ 25°C #2,25.0,3,/content/drive/MyDrive/Battery raw data/RPT Data/18. 4.35V@ 25°C #2/3.csv,M01Ch014[014],14,3,8.0,10.0,discharge,0.026555555555555638,0.026555555555555638,0.02666666666666669,0.0005091750772173246,0.026000000000000096,0.027000000000000135,0.026000000000000096,0.027000000000000135,3,0.027999999999999924,0.026555555555555638,0.026611111111111117,37,39,1,0.09333333333333332,0.09333333333333332,1.2794688166302258e-16,0.09333333333333324,0.09333333333333342,0.03166666666666605,0.03166666666666605,1.3256738189514616e-16,0.031666666666665955,0.03166666666666614,0.028333333333333082,0.028333333333333082,1.3247655120144353e-16,0.02833333333333299,0.028333333333333176,0.028333333333333082,0.028333333333333082,1.3247655120144353e-16,0.02833333333333299,0.028333333333333176,0.029999999999999565,0.029999999999999565,1.3247655120144353e-16,0.02999999999999947,0.02999999999999966,0.030000000000000398,0.030000000000000398,0.0,0.030000000000000398,0.030000000000000398,0.0266666666666666,0.0266666666666666,1.3247655120144353e-16,0.026666666666666505,0.026666666666666693,0.02666666666666706,0.02666666666666706,5.225521552224742e-16,0.02666666666666743,0.026666666666666693,0.02833333333333225,0.02833333333333225,2.600465634695002e-16,0.028333333333332066,0.028333333333332433,OK,False
18,18. 4.35V@ 25°C #2,4.35V@ 25°C #2,25.0,4,/content/drive/MyDrive/Battery raw data/RPT Data/18. 4.35V@ 25°C #2/4.csv,M01Ch014[014],14,4,8.0,10.0,discharge,0.030777777777777696,0.030777777777777696,0.030666666666666547,0.0005091750772173409,0.03033333333333325,0.03133333333333329,0.03033333333333325,0.03133333333333329,3,0.03199999999999998,0.030777777777777696,0.03055555555555552,37,39,1,0.09666666666666629,0.09666666666666629,1.2794688166302258e-16,0.0966666666666662,0.09666666666666639,0.03500000000000068,0.03500000000000068,1.3256738189514616e-16,0.035000000000000774,0.035000000000000586,0.03333333333333337,0.03333333333333337,0.0,0.03333333333333337,0.03333333333333337,0.03333333333333337,0.03333333333333337,0.0,0.03333333333333337,0.03333333333333337,0.03499999999999985,0.03499999999999985,0.0,0.03499999999999985,0.03499999999999985,0.036666666666667166,0.036666666666667166,1.3256738189514616e-16,0.03666666666666726,0.03666666666666707,0.033333333333333826,0.033333333333333826,6.525881235148458e-16,0.03333333333333429,0.03333333333333337,0.03000000000000077,0.03000000000000077,5.225521552224742e-16,0.030000000000000398,0.030000000000001137,0.03499999999999985,0.03499999999999985,0.0,0.03499999999999985,0.03499999999999985,OK,False
18,18. 4.35V@ 25°C #2,4.35V@ 25°C #2,25.0,5,/content/drive/MyDrive/Battery raw data/RPT Data/18. 4.35V@ 25°C #2/5.csv,M01Ch014[014],14,5,8.0,10.0,discharge,0.03199963188740703,0.03199963188740703,0.03199893336888773,0.0005656003241309182,0.03143438114603822,0.03256558114729513,0.03143438114603822,0.03256558114729513,3,0.03312222222222225,0.03199963188740703,0.03186092695329473,37,39,1,0.0958333333333337,0.0958333333333337,2.5514002453611344e-16,0.09583333333333388,0.09583333333333352,0.03683333333333326,0.03683333333333326,1.3256738189514616e-16,0.03683333333333316,0.03683333333333335,0.034500000000000274,0.034500000000000274,0.0,0.034500000000000274,0.034500000000000274,0.03499999999999985,0.03499999999999985,0.0,0.03499999999999985,0.03499999999999985,0.036666666666667166,0.036666666666667166,1.3256738189514616e-16,0.03666666666666726,0.03666666666666707,0.037000000000000186,0.037000000000000186,2.6009284745375385e-16,0.037,0.037000000000000366,0.033666666666666845,0.033666666666666845,2.6009284745375385e-16,0.03366666666666703,0.033666666666666664,0.0326666666666677,0.0326666666666677,2.6495310240288706e-16,0.032666666666667885,0.03266666666666751,0.03716666666666757,0.03716666666666757,2.6009284745375385e-16,0.03716666666666776,0.03716666666666739,OK,False
19,19. 4.35V@ 25°C #3,4.35V@ 25°C #3,25.0,0,/content/drive/MyDrive/Battery raw data/RPT Data/19. 4.35V@ 25°C #3/0.csv,M01Ch015[015],15,0,8.0,10.0,discharge,0.02288888888888893,0.02288888888888893,0.022999999999999982,0.0005091750772173246,0.02233333333333339,0.023333333333333428,0.02233333333333339,0.023333333333333428,3,0.024333333333333266,0.02288888888888893,0.022944444444444434,37,39,1,0.08833333333333304,0.08833333333333304,2.651347637902923e-16,0.08833333333333286,0.08833333333333324,0.030000000000000398,0.030000000000000398,0.0,0.030000000000000398,0.030000000000000398,0.025000000000000116,0.025000000000000116,1.3247655120144353e-16,0.025000000000000022,0.02500000000000021,0.023333333333333633,0.023333333333333633,1.3247655120144353e-16,0.02333333333333354,0.023333333333333726,0.025000000000000116,0.025000000000000116,1.3247655120144353e-16,0.025000000000000022,0.02500000000000021,0.025000000000000116,0.025000000000000116,1.3247655120144353e-16,0.025000000000000022,0.02500000000000021,0.025000000000000116,0.025000000000000116,1.3247655120144353e-16,0.025000000000000022,0.02500000000000021,0.021666666666666317,0.021666666666666317,2.600465634695002e-16,0.021666666666666133,0.0216666666666665,0.024999999999999283,0.024999999999999283,2.600465634695002e-16,0.0249999999999991,0.024999999999999467,OK,False
19,19. 4.35V@ 25°C #3,4.35V@ 25°C #3,25.0,1,/content/drive/MyDrive/Battery raw data/RPT Data/19. 4.35V@ 25°C #3/1.csv,M01Ch015[015],15,1,8.0,10.0,discharge,0.022888888888888886,0.022888888888888886,0.022999999999999982,0.0005091750772172594,0.02233333333333339,0.02333333333333328,0.02233333333333339,0.02333333333333328,3,0.02433333333333337,0.022888888888888886,0.02294444444444446,37,39,1,0.0866666666666662,0.0866666666666662,2.651347637902923e-16,0.08666666666666638,0.086666666666666,0.029999999999999565,0.029999999999999565,1.3247655120144353e-16,0.02999999999999947,0.02999999999999966,0.025000000000000116,0.025000000000000116,1.3247655120144353e-16,0.025000000000000022,0.02500000000000021,0.0233333333333328,0.0233333333333328,2.600465634695002e-16,0.023333333333332616,0.023333333333332984,0.024999999999999283,0.024999999999999283,2.600465634695002e-16,0.0249999999999991,0.024999999999999467,0.0266666666666666,0.0266666666666666,1.3247655120144353e-16,0.026666666666666505,0.026666666666666693,0.024999999999999283,0.024999999999999283,2.600465634695002e-16,0.0249999999999991,0.024999999999999467,0.0233333333333328,0.0233333333333328,2.600465634695002e-16,0.023333333333332616,0.023333333333332984,0.02333333333333243,0.02333333333333243,2.6251129656189234e-16,0.023333333333332616,0.023333333333332245,OK,False
19,19. 4.35V@ 25°C #3,4.35V@ 25°C #3,25.0,2,/content/drive/MyDrive/Battery raw data/RPT Data/19. 4.35V@ 25°C #3/2.csv,M01Ch015[015],15,2,8.0,10.0,discharge,0.024222222222222218,0.024222222222222218,0.024333333333333318,0.0005091750772172594,0.023666666666666725,0.024666666666666615,0.023666666666666725,0.024666666666666615,3,0.025444444444444454,0.024222222222222218,0.02416666666666667,37,39,1,0.08999999999999952,0.08999999999999952,2.651347637902923e-16,0.08999999999999934,0.08999999999999972,0.029999999999999565,0.029999999999999565,1.3247655120144353e-16,0.02999999999999947,0.02999999999999966,0.0266666666666666,0.0266666666666666,1.3247655120144353e-16,0.026666666666666505,0.026666666666666693,0.025000000000000116,0.025000000000000116,1.3247655120144353e-16,0.025000000000000022,0.02500000000000021,0.0266666666666666,0.0266666666666666,1.3247655120144353e-16,0.026666666666666505,0.026666666666666693,0.028333333333333082,0.028333333333333082,1.3247655120144353e-16,0.02833333333333299,0.028333333333333176,0.025000000000000116,0.025000000000000116,1.3247655120144353e-16,0.025000000000000022,0.02500000000000021,0.024999999999999283,0.024999999999999283,2.600465634695002e-16,0.0249999999999991,0.024999999999999467,0.023333333333334094,0.023333333333334094,5.225521552224742e-16,0.023333333333334465,0.023333333333333726,OK,False
19,19. 4.35V@ 25°C #3,4.35V@ 25°C #3,25.0,3,/content/drive/MyDrive/Battery raw data/RPT Data/19. 4.35V@ 25°C #3/3.csv,M01Ch015[015],15,3,8.0,10.0,discharge,0.026111111111111144,0.026111111111111144,0.026000000000000096,0.0005091750772173231,0.025666666666666654,0.02666666666666669,0.025666666666666654,0.02666666666666669,3,0.027111111111111086,0.026111111111111144,0.02594444444444445,37,39,1,0.09333333333333332,0.09333333333333332,1.2794688166302258e-16,0.09333333333333324,0.09333333333333342,0.03166666666666605,0.03166666666666605,1.3256738189514616e-16,0.031666666666665955,0.03166666666666614,0.028333333333333082,0.028333333333333082,1.3247655120144353e-16,0.02833333333333299,0.028333333333333176,0.0266666666666666,0.0266666666666666,1.3247655120144353e-16,0.026666666666666505,0.026666666666666693,0.030000000000000398,0.030000000000000398,0.0,0.030000000000000398,0.030000000000000398,0.030000000000000398,0.030000000000000398,0.0,0.030000000000000398,0.030000000000000398,0.0266666666666666,0.0266666666666666,1.3247655120144353e-16,0.026666666666666505,0.026666666666666693,0.02666666666666706,0.02666666666666706,5.225521552224742e-16,0.02666666666666743,0.026666666666666693,0.02666666666666706,0.02666666666666706,5.225521552224742e-16,0.02666666666666743,0.026666666666666693,OK,False
19,19. 4.35V@ 25°C #3,4.35V@ 25°C #3,25.0,4,/content/drive/MyDrive/Battery raw data/RPT Data/19. 4.35V@ 25°C #3/4.csv,M01Ch015[015],15,4,8.0,10.0,discharge,0.02922222222222226,0.02922222222222226,0.02933333333333336,0.0005091750772172594,0.028666666666666767,0.029666666666666657,0.028666666666666767,0.029666666666666657,3,0.0303333333333333,0.02922222222222226,0.029111111111111112,37,39,1,0.09500000000000064,0.09500000000000064,0.0,0.09500000000000064,0.09500000000000064,0.03333333333333337,0.03333333333333337,0.0,0.03333333333333337,0.03333333333333337,0.031666666666666884,0.031666666666666884,0.0,0.031666666666666884,0.031666666666666884,0.03166666666666605,0.03166666666666605,1.3256738189514616e-16,0.031666666666665955,0.03166666666666614,0.03333333333333337,0.03333333333333337,0.0,0.03333333333333337,0.03333333333333337,0.03499999999999985,0.03499999999999985,0.0,0.03499999999999985,0.03499999999999985,0.029999999999999565,0.029999999999999565,1.3247655120144353e-16,0.02999999999999947,0.02999999999999966,0.028333333333333915,0.028333333333333915,0.0,0.028333333333333915,0.028333333333333915,0.03333333333333299,0.03333333333333299,5.250225931237847e-16,0.03333333333333337,0.033333333333332625,OK,False
19,19. 4.35V@ 25°C #3,4.35V@ 25°C #3,25.0,5,/content/drive/MyDrive/Battery raw data/RPT Data/19. 4.35V@ 25°C #3/5.csv,M01Ch015[015],15,5,8.0,10.0,discharge,0.031099635613774934,0.031099635613774934,0.031099999999999905,0.000565102363734968,0.030534351145038063,0.03166455569628683,0.030534351145038063,0.03166455569628683,3,0.032232967789962534,0.031099635613774934,0.030982975306920003,37,39,1,0.0978333333333332,0.0978333333333332,1.3738309013483032e-16,0.0978333333333331,0.0978333333333333,0.03466666666666637,0.03466666666666637,2.6495310240288706e-16,0.03466666666666618,0.034666666666666554,0.03316666666666644,0.03316666666666644,1.3256738189514616e-16,0.03316666666666653,0.033166666666666345,0.03349999999999946,0.03349999999999946,2.6009284745375385e-16,0.03349999999999927,0.03349999999999964,0.035500000000000254,0.035500000000000254,1.3256738189514616e-16,0.03550000000000035,0.03550000000000016,0.03683333333333326,0.03683333333333326,1.3256738189514616e-16,0.03683333333333316,0.03683333333333335,0.0326666666666677,0.0326666666666677,2.6495310240288706e-16,0.032666666666667885,0.03266666666666751,0.031666666666666884,0.031666666666666884,0.0,0.031666666666666884,0.031666666666666884,0.0366666666666667,0.0366666666666667,5.200931269390004e-16,0.036666666666666334,0.03666666666666707,OK,False
20,20. 4.35V@ 25°C #4,4.35V@ 25°C #4,25.0,0,/content/drive/MyDrive/Battery raw data/RPT Data/20. 4.35V@ 25°C #4/0.csv,M01Ch016[016],16,0,8.0,10.0,discharge,0.02288888888888893,0.02288888888888893,0.022999999999999982,0.0005091750772173246,0.02233333333333339,0.023333333333333428,0.02233333333333339,0.023333333333333428,3,0.02422222222222217,0.02288888888888893,0.022888888888888886,37,39,1,0.08833333333333304,0.08833333333333304,2.651347637902923e-16,0.08833333333333286,0.08833333333333324,0.031666666666666884,0.031666666666666884,0.0,0.031666666666666884,0.031666666666666884,0.025000000000000116,0.025000000000000116,1.3247655120144353e-16,0.025000000000000022,0.02500000000000021,0.023333333333333633,0.023333333333333633,1.3247655120144353e-16,0.02333333333333354,0.023333333333333726,0.024999999999999283,0.024999999999999283,2.600465634695002e-16,0.0249999999999991,0.024999999999999467,0.0266666666666666,0.0266666666666666,1.3247655120144353e-16,0.026666666666666505,0.026666666666666693,0.024999999999999283,0.024999999999999283,2.600465634695002e-16,0.0249999999999991,0.024999999999999467,0.0233333333333328,0.0233333333333328,2.600465634695002e-16,0.023333333333332616,0.023333333333332984,0.024999999999999283,0.024999999999999283,2.600465634695002e-16,0.0249999999999991,0.024999999999999467,OK,False
20,20. 4.35V@ 25°C #4,4.35V@ 25°C #4,25.0,1,/content/drive/MyDrive/Battery raw data/RPT Data/20. 4.35V@ 25°C #4/1.csv,M01Ch016[016],16,1,8.0,10.0,discharge,0.023111111111111127,0.023111111111111127,0.022999999999999982,0.0005091750772173409,0.022666666666666686,0.023666666666666725,0.022666666666666686,0.023666666666666725,3,0.024666666666666667,0.023111111111111127,0.023222222222222227,37,39,1,0.08833333333333304,0.08833333333333304,2.651347637902923e-16,0.08833333333333286,0.08833333333333324,0.031666666666666884,0.031666666666666884,0.0,0.031666666666666884,0.031666666666666884,0.025000000000000116,0.025000000000000116,1.3247655120144353e-16,0.025000000000000022,0.02500000000000021,0.0233333333333328,0.0233333333333328,2.600465634695002e-16,0.023333333333332616,0.023333333333332984,0.025000000000000116,0.025000000000000116,1.3247655120144353e-16,0.025000000000000022,0.02500000000000021,0.0266666666666666,0.0266666666666666,1.3247655120144353e-16,0.026666666666666505,0.026666666666666693,0.025000000000000116,0.025000000000000116,1.3247655120144353e-16,0.025000000000000022,0.02500000000000021,0.023333333333333633,0.023333333333333633,1.3247655120144353e-16,0.02333333333333354,0.023333333333333726,0.021666666666666317,0.021666666666666317,2.600465634695002e-16,0.021666666666666133,0.0216666666666665,OK,False
20,20. 4.35V@ 25°C #4,4.35V@ 25°C #4,25.0,2,/content/drive/MyDrive/Battery raw data/RPT Data/20. 4.35V@ 25°C #4/2.csv,M01Ch016[016],16,2,8.0,10.0,discharge,0.024555555555555567,0.024555555555555567,0.024666666666666615,0.0005091750772173246,0.02400000000000002,0.02500000000000006,0.02400000000000002,0.02500000000000006,3,0.025666666666666702,0.024555555555555567,0.024444444444444467,37,39,1,0.09000000000000036,0.09000000000000036,1.2794688166302258e-16,0.09000000000000027,0.09000000000000045,0.031666666666666884,0.031666666666666884,0.0,0.031666666666666884,0.031666666666666884,0.0266666666666666,0.0266666666666666,1.3247655120144353e-16,0.026666666666666505,0.026666666666666693,0.024999999999999283,0.024999999999999283,2.600465634695002e-16,0.0249999999999991,0.024999999999999467,0.0266666666666666,0.0266666666666666,1.3247655120144353e-16,0.026666666666666505,0.026666666666666693,0.028333333333333082,0.028333333333333082,1.3247655120144353e-16,0.02833333333333299,0.028333333333333176,0.024999999999999283,0.024999999999999283,2.600465634695002e-16,0.0249999999999991,0.024999999999999467,0.02666666666666706,0.02666666666666706,5.225521552224742e-16,0.02666666666666743,0.026666666666666693,0.024999999999999283,0.024999999999999283,2.600465634695002e-16,0.0249999999999991,0.024999999999999467,OK,False
20,20. 4.35V@ 25°C #4,4.35V@ 25°C #4,25.0,3,/content/drive/MyDrive/Battery raw data/RPT Data/20. 4.35V@ 25°C #4/3.csv,M01Ch016[016],16,3,8.0,10.0,discharge,0.026444444444444493,0.026444444444444493,0.026333333333333393,0.0005091750772172594,0.026000000000000096,0.026999999999999986,0.026000000000000096,0.026999999999999986,3,0.027222222222222186,0.026444444444444493,0.02616666666666667,37,39,1,0.09333333333333332,0.09333333333333332,1.2794688166302258e-16,0.09333333333333324,0.09333333333333342,0.03166666666666605,0.03166666666666605,1.3256738189514616e-16,0.031666666666665955,0.03166666666666614,0.028333333333333082,0.028333333333333082,1.3247655120144353e-16,0.02833333333333299,0.028333333333333176,0.028333333333333915,0.028333333333333915,0.0,0.028333333333333915,0.028333333333333915,0.029999999999999565,0.029999999999999565,1.3247655120144353e-16,0.02999999999999947,0.02999999999999966,0.029999999999999565,0.029999999999999565,1.3247655120144353e-16,0.02999999999999947,0.02999999999999966,0.0266666666666666,0.0266666666666666,1.3247655120144353e-16,0.026666666666666505,0.026666666666666693,0.02666666666666706,0.02666666666666706,5.225521552224742e-16,0.02666666666666743,0.026666666666666693,0.02666666666666706,0.02666666666666706,5.225521552224742e-16,0.02666666666666743,0.026666666666666693,OK,False
20,20. 4.35V@ 25°C #4,4.35V@ 25°C #4,25.0,4,/content/drive/MyDrive/Battery raw data/RPT Data/20. 4.35V@ 25°C #4/4.csv,M01Ch016[016],16,4,8.0,10.0,discharge,0.02988888888888895,0.02988888888888895,0.0300000000000001,0.0005091750772173389,0.02933333333333336,0.030333333333333396,0.02933333333333336,0.030333333333333396,3,0.030999999999999944,0.02988888888888895,0.029777777777777778,37,39,1,0.09666666666666712,0.09666666666666712,0.0,0.09666666666666712,0.09666666666666712,0.03333333333333337,0.03333333333333337,0.0,0.03333333333333337,0.03333333333333337,0.03333333333333337,0.03333333333333337,0.0,0.03333333333333337,0.03333333333333337,0.031666666666666884,0.031666666666666884,0.0,0.031666666666666884,0.031666666666666884,0.03333333333333337,0.03333333333333337,0.0,0.03333333333333337,0.03333333333333337,0.03500000000000068,0.03500000000000068,1.3256738189514616e-16,0.035000000000000774,0.035000000000000586,0.031666666666666884,0.031666666666666884,0.0,0.031666666666666884,0.031666666666666884,0.030000000000000027,0.030000000000000027,5.225521552224742e-16,0.030000000000000398,0.02999999999999966,0.03333333333333299,0.03333333333333299,5.250225931237847e-16,0.03333333333333337,0.033333333333332625,OK,False
20,20. 4.35V@ 25°C #4,4.35V@ 25°C #4,25.0,5,/content/drive/MyDrive/Battery raw data/RPT Data/20. 4.35V@ 25°C #4/5.csv,M01Ch016[016],16,5,8.0,10.0,discharge,0.03094478815960529,0.03094478815960529,0.03093436447881596,0.000550074076685088,0.03039999999999991,0.03150000000000001,0.03039999999999991,0.03150000000000001,3,0.03196526083446279,0.03094478815960529,0.030771716125132274,37,39,1,0.09816666666666668,0.09816666666666668,1.2794688166302258e-16,0.09816666666666678,0.0981666666666666,0.035166666666665944,0.035166666666665944,2.6009284745375385e-16,0.035166666666665757,0.035166666666666124,0.03349999999999946,0.03349999999999946,2.6009284745375385e-16,0.03349999999999927,0.03349999999999964,0.033666666666666845,0.033666666666666845,2.6009284745375385e-16,0.03366666666666703,0.033666666666666664,0.03583333333333327,0.03583333333333327,2.6009284745375385e-16,0.03583333333333309,0.03583333333333346,0.037000000000000186,0.037000000000000186,2.6009284745375385e-16,0.037,0.037000000000000366,0.03299999999999822,0.03299999999999822,5.200931269390004e-16,0.03299999999999785,0.032999999999998586,0.03133333333333303,0.03133333333333303,2.6009284745375385e-16,0.03133333333333321,0.031333333333332845,0.03616666666666676,0.03616666666666676,0.0,0.03616666666666676,0.03616666666666676,OK,False
21,21. 4.5V@ 25°C #1,4.5V@ 25°C #1,25.0,0,/content/drive/MyDrive/Battery raw data/RPT Data/21. 4.5V@ 25°C #1/0.csv,M02Ch086[086],86,0,8.0,10.0,discharge,0.02488862299061706,0.02488862299061706,0.02489917002766574,0.0004842489296831528,0.024399186693776997,0.025367512250408442,0.024399186693776997,0.025367512250408442,3,0.026388017455466293,0.02488862299061706,0.024921678448497422,37,39,1,0.10598233627728748,0.10598233627728748,2.651347637902923e-16,0.10598233627728766,0.10598233627728729,0.03399433427762026,0.03399433427762026,1.2757001226805672e-16,0.03399433427762017,0.03399433427762035,0.02700000000000008,0.02700000000000008,1.3004642372687692e-16,0.027000000000000173,0.02699999999999999,0.025833333333334006,0.025833333333334006,2.6251129656189234e-16,0.02583333333333419,0.02583333333333382,0.026162306282285813,0.026162306282285813,2.600465634695002e-16,0.02616230628228563,0.026162306282285996,0.028333333333333082,0.028333333333333082,1.3247655120144353e-16,0.02833333333333299,0.028333333333333176,0.028666666666666563,0.028666666666666563,1.3004642372687692e-16,0.028666666666666656,0.028666666666666472,0.02483333333333319,0.02483333333333319,0.0,0.02483333333333319,0.02483333333333319,0.025666666666666248,0.025666666666666248,2.6251129656189234e-16,0.02566666666666643,0.02566666666666606,OK,False
21,21. 4.5V@ 25°C #1,4.5V@ 25°C #1,25.0,1,/content/drive/MyDrive/Battery raw data/RPT Data/21. 4.5V@ 25°C #1/1.csv,M02Ch086[086],86,1,8.0,10.0,discharge,0.026121943362357774,0.026121943362357774,0.026099130028999044,0.0005012606174809625,0.025632478917369483,0.026634221140704795,0.025632478917369483,0.026634221140704795,3,0.027511723003755886,0.026121943362357774,0.02610015148873156,37,39,1,0.1136666666666658,0.1136666666666658,2.651347637902923e-16,0.11366666666666563,0.113666666666666,0.035494084319280375,0.035494084319280375,1.3256738189514616e-16,0.03549408431928047,0.035494084319280285,0.028666666666666563,0.028666666666666563,1.3004642372687692e-16,0.028666666666666656,0.028666666666666472,0.0273333333333331,0.0273333333333331,2.6251129656189234e-16,0.027333333333332915,0.027333333333333286,0.02883333333333349,0.02883333333333349,0.0,0.02883333333333349,0.02883333333333349,0.030333333333333046,0.030333333333333046,1.3004642372687692e-16,0.03033333333333314,0.030333333333332956,0.028333333333333915,0.028333333333333915,0.0,0.028333333333333915,0.028333333333333915,0.02700000000000008,0.02700000000000008,1.3004642372687692e-16,0.027000000000000173,0.02699999999999999,0.025833333333334006,0.025833333333334006,2.6251129656189234e-16,0.02583333333333419,0.02583333333333382,OK,False
21,21. 4.5V@ 25°C #1,4.5V@ 25°C #1,25.0,2,/content/drive/MyDrive/Battery raw data/RPT Data/21. 4.5V@ 25°C #1/2.csv,M02Ch086[086],86,2,8.0,10.0,discharge,0.028989855217396176,0.028989855217396176,0.02900096669889003,0.0005501025053940052,0.02843428114270481,0.029534317810593694,0.02843428114270481,0.029534317810593694,3,0.030355892974210364,0.028989855217396176,0.028989533164256658,37,39,1,0.11798033661056534,0.11798033661056534,1.2794688166302258e-16,0.11798033661056542,0.11798033661056524,0.03883333333333322,0.03883333333333322,1.3256738189514616e-16,0.03883333333333332,0.03883333333333313,0.03233333333333338,0.03233333333333338,1.3256738189514616e-16,0.03233333333333329,0.03233333333333348,0.03049999999999997,0.03049999999999997,0.0,0.03049999999999997,0.03049999999999997,0.032666666666666865,0.032666666666666865,1.2757001226805672e-16,0.032666666666666955,0.032666666666666774,0.03433333333333335,0.03433333333333335,1.2757001226805672e-16,0.03433333333333344,0.03433333333333326,0.030333333333333046,0.030333333333333046,1.3004642372687692e-16,0.03033333333333314,0.030333333333332956,0.03066666666666773,0.03066666666666773,0.0,0.03066666666666773,0.03066666666666773,0.030666666666666065,0.030666666666666065,2.6251129656189234e-16,0.03066666666666588,0.030666666666666252,OK,False
21,21. 4.5V@ 25°C #1,4.5V@ 25°C #1,25.0,3,/content/drive/MyDrive/Battery raw data/RPT Data/21. 4.5V@ 25°C #1/3.csv,M02Ch086[086],86,3,8.0,10.0,discharge,0.031233327059962995,0.031233327059962995,0.031232292256924806,0.0005661562477863854,0.030667688922964127,0.03180000000000005,0.030667688922964127,0.03180000000000005,3,0.03274336857810761,0.031233327059962995,0.03130503723666008,37,39,1,0.11650000000000003,0.11650000000000003,1.3738309013483032e-16,0.11649999999999994,0.11650000000000013,0.04216666666666702,0.04216666666666702,2.6009284745375385e-16,0.042166666666667206,0.04216666666666684,0.03466666666666637,0.03466666666666637,2.6495310240288706e-16,0.03466666666666618,0.034666666666666554,0.03283333333333379,0.03283333333333379,0.0,0.03283333333333379,0.03283333333333379,0.03583333333333327,0.03583333333333327,2.6009284745375385e-16,0.03583333333333309,0.03583333333333346,0.037499999999999756,0.037499999999999756,2.6009284745375385e-16,0.037499999999999575,0.03749999999999994,0.032666666666666865,0.032666666666666865,1.2757001226805672e-16,0.032666666666666955,0.032666666666666774,0.03316666666666598,0.03316666666666598,5.200931269390004e-16,0.03316666666666561,0.033166666666666345,0.03433333333333288,0.03433333333333288,5.250225931237847e-16,0.034333333333332515,0.03433333333333326,OK,False
21,21. 4.5V@ 25°C #1,4.5V@ 25°C #1,25.0,4,/content/drive/MyDrive/Battery raw data/RPT Data/21. 4.5V@ 25°C #1/4.csv,M02Ch086[086],86,4,8.0,10.0,discharge,0.03521073374282669,0.03521073374282669,0.03523215892803563,0.0006347779059324974,0.034565514482850536,0.0358345278175939,0.034565514482850536,0.0358345278175939,3,0.03668888888888885,0.03521073374282669,0.03528314528757867,37,39,1,0.09266666666666683,0.09266666666666683,0.0,0.09266666666666683,0.09266666666666683,0.04416666666666652,0.04416666666666652,1.3256738189514616e-16,0.04416666666666643,0.04416666666666662,0.0393333333333328,0.0393333333333328,1.2757001226805672e-16,0.03933333333333289,0.03933333333333271,0.03916666666666624,0.03916666666666624,2.6009284745375385e-16,0.03916666666666606,0.039166666666666426,0.041333333333333964,0.041333333333333964,0.0,0.041333333333333964,0.041333333333333964,0.04233333333333311,0.04233333333333311,0.0,0.04233333333333311,0.04233333333333311,0.03783333333333287,0.03783333333333287,5.250225931237847e-16,0.03783333333333324,0.0378333333333325,0.037499999999999756,0.037499999999999756,2.6009284745375385e-16,0.037499999999999575,0.03749999999999994,0.042666666666666596,0.042666666666666596,2.6495310240288706e-16,0.04266666666666678,0.04266666666666641,OK,False
22,22. 4.5V@ 25°C #2,4.5V@ 25°C #2,25.0,0,/content/drive/MyDrive/Battery raw data/RPT Data/22. 4.5V@ 25°C #2/0.csv,M01Ch018[018],18,0,8.0,10.0,discharge,0.022444444444444437,0.022444444444444437,0.02233333333333339,0.0005091750772173231,0.021999999999999947,0.022999999999999982,0.021999999999999947,0.022999999999999982,3,0.023555555555555576,0.022444444444444437,0.02233333333333334,37,39,1,0.08833333333333304,0.08833333333333304,2.651347637902923e-16,0.08833333333333286,0.08833333333333324,0.029999999999999565,0.029999999999999565,1.3247655120144353e-16,0.02999999999999947,0.02999999999999966,0.0233333333333328,0.0233333333333328,2.600465634695002e-16,0.023333333333332616,0.023333333333332984,0.023333333333333633,0.023333333333333633,1.3247655120144353e-16,0.02333333333333354,0.023333333333333726,0.023333333333333633,0.023333333333333633,1.3247655120144353e-16,0.02333333333333354,0.023333333333333726,0.025000000000000116,0.025000000000000116,1.3247655120144353e-16,0.025000000000000022,0.02500000000000021,0.025000000000000116,0.025000000000000116,1.3247655120144353e-16,0.025000000000000022,0.02500000000000021,0.023333333333333633,0.023333333333333633,1.3247655120144353e-16,0.02333333333333354,0.023333333333333726,0.021666666666667982,0.021666666666667982,0.0,0.021666666666667982,0.021666666666667982,OK,False
22,22. 4.5V@ 25°C #2,4.5V@ 25°C #2,25.0,1,/content/drive/MyDrive/Battery raw data/RPT Data/22. 4.5V@ 25°C #2/1.csv,M01Ch018[018],18,1,8.0,10.0,discharge,0.023444444444444424,0.023444444444444424,0.02333333333333328,0.0005091750772173409,0.022999999999999982,0.02400000000000002,0.022999999999999982,0.02400000000000002,3,0.025000000000000012,0.023444444444444424,0.023555555555555552,37,39,1,0.09000000000000036,0.09000000000000036,1.2794688166302258e-16,0.09000000000000027,0.09000000000000045,0.031666666666666884,0.031666666666666884,0.0,0.031666666666666884,0.031666666666666884,0.0266666666666666,0.0266666666666666,1.3247655120144353e-16,0.026666666666666505,0.026666666666666693,0.025000000000000116,0.025000000000000116,1.3247655120144353e-16,0.025000000000000022,0.02500000000000021,0.025000000000000116,0.025000000000000116,1.3247655120144353e-16,0.025000000000000022,0.02500000000000021,0.028333333333333082,0.028333333333333082,1.3247655120144353e-16,0.02833333333333299,0.028333333333333176,0.025000000000000116,0.025000000000000116,1.3247655120144353e-16,0.025000000000000022,0.02500000000000021,0.023333333333333633,0.023333333333333633,1.3247655120144353e-16,0.02333333333333354,0.023333333333333726,0.023333333333334094,0.023333333333334094,5.225521552224742e-16,0.023333333333334465,0.023333333333333726,OK,False
22,22. 4.5V@ 25°C #2,4.5V@ 25°C #2,25.0,2,/content/drive/MyDrive/Battery raw data/RPT Data/22. 4.5V@ 25°C #2/2.csv,M01Ch018[018],18,2,8.0,10.0,discharge,0.026444444444444395,0.026444444444444395,0.026333333333333247,0.0005091750772173389,0.02599999999999995,0.026999999999999986,0.02599999999999995,0.026999999999999986,3,0.028000000000000077,0.026444444444444395,0.02655555555555557,37,39,1,0.0949999999999998,0.0949999999999998,1.2794688166302258e-16,0.09499999999999972,0.0949999999999999,0.03333333333333337,0.03333333333333337,0.0,0.03333333333333337,0.03333333333333337,0.028333333333333082,0.028333333333333082,1.3247655120144353e-16,0.02833333333333299,0.028333333333333176,0.028333333333333082,0.028333333333333082,1.3247655120144353e-16,0.02833333333333299,0.028333333333333176,0.029999999999999565,0.029999999999999565,1.3247655120144353e-16,0.02999999999999947,0.02999999999999966,0.030000000000000398,0.030000000000000398,0.0,0.030000000000000398,0.030000000000000398,0.0266666666666666,0.0266666666666666,1.3247655120144353e-16,0.026666666666666505,0.026666666666666693,0.028333333333333915,0.028333333333333915,0.0,0.028333333333333915,0.028333333333333915,0.028333333333333915,0.028333333333333915,0.0,0.028333333333333915,0.028333333333333915,OK,False
22,22. 4.5V@ 25°C #2,4.5V@ 25°C #2,25.0,3,/content/drive/MyDrive/Battery raw data/RPT Data/22. 4.5V@ 25°C #2/3.csv,M01Ch018[018],18,3,8.0,10.0,discharge,0.02744444444444448,0.02744444444444448,0.02733333333333343,0.0005091750772173246,0.026999999999999986,0.028000000000000025,0.026999999999999986,0.028000000000000025,3,0.029111111111111115,0.02744444444444448,0.027611111111111128,37,39,1,0.0949999999999998,0.0949999999999998,1.2794688166302258e-16,0.09499999999999972,0.0949999999999999,0.03333333333333337,0.03333333333333337,0.0,0.03333333333333337,0.03333333333333337,0.029999999999999565,0.029999999999999565,1.3247655120144353e-16,0.02999999999999947,0.02999999999999966,0.029999999999999565,0.029999999999999565,1.3247655120144353e-16,0.02999999999999947,0.02999999999999966,0.031666666666666884,0.031666666666666884,0.0,0.031666666666666884,0.031666666666666884,0.03333333333333337,0.03333333333333337,0.0,0.03333333333333337,0.03333333333333337,0.028333333333333082,0.028333333333333082,1.3247655120144353e-16,0.02833333333333299,0.028333333333333176,0.030000000000000027,0.030000000000000027,5.225521552224742e-16,0.030000000000000398,0.02999999999999966,0.028333333333333915,0.028333333333333915,0.0,0.028333333333333915,0.028333333333333915,OK,False
22,22. 4.5V@ 25°C #2,4.5V@ 25°C #2,25.0,4,/content/drive/MyDrive/Battery raw data/RPT Data/22. 4.5V@ 25°C #2/4.csv,M01Ch018[018],18,4,8.0,10.0,discharge,0.031111111111111135,0.031111111111111135,0.03099999999999999,0.0005091750772173409,0.030666666666666693,0.03166666666666673,0.030666666666666693,0.03166666666666673,3,0.03266666666666657,0.031111111111111135,0.03122222222222219,37,39,1,0.09166666666666684,0.09166666666666684,1.2794688166302258e-16,0.09166666666666676,0.09166666666666694,0.03499999999999985,0.03499999999999985,0.0,0.03499999999999985,0.03499999999999985,0.03333333333333337,0.03333333333333337,0.0,0.03333333333333337,0.03333333333333337,0.03333333333333337,0.03333333333333337,0.0,0.03333333333333337,0.03333333333333337,0.036666666666667166,0.036666666666667166,1.3256738189514616e-16,0.03666666666666726,0.03666666666666707,0.036666666666667166,0.036666666666667166,1.3256738189514616e-16,0.03666666666666726,0.03666666666666707,0.0333333333333329,0.0333333333333329,6.574762170738308e-16,0.03333333333333244,0.03333333333333337,0.031666666666666884,0.031666666666666884,0.0,0.031666666666666884,0.031666666666666884,0.03833333333333282,0.03833333333333282,0.0,0.03833333333333282,0.03833333333333282,OK,False
23,23. 4.5V@ 25°C #3,4.5V@ 25°C #3,25.0,0,/content/drive/MyDrive/Battery raw data/RPT Data/23. 4.5V@ 25°C #3/0.csv,M02Ch090[090],90,0,8.0,10.0,discharge,0.023023757139364828,0.023023757139364828,0.02303486899126599,0.0004834613400405871,0.022534835655710416,0.023501566771118077,0.022534835655710416,0.023501566771118077,3,0.024067468915630486,0.023023757139364828,0.02282891922373898,37,39,1,0.09016666666666692,0.09016666666666692,2.651347637902923e-16,0.0901666666666671,0.09016666666666673,0.03049999999999997,0.03049999999999997,0.0,0.03049999999999997,0.03049999999999997,0.02516666666666667,0.02516666666666667,2.6251129656189234e-16,0.025166666666666858,0.025166666666666487,0.023999999999999765,0.023999999999999765,2.6251129656189234e-16,0.02399999999999995,0.023999999999999577,0.02416666666666669,0.02416666666666669,1.3004642372687692e-16,0.02416666666666678,0.024166666666666597,0.025333333333332764,0.025333333333332764,0.0,0.025333333333332764,0.025333333333332764,0.026166666666667025,0.026166666666667025,1.3004642372687692e-16,0.02616666666666693,0.026166666666667115,0.022500000000000207,0.022500000000000207,1.3004642372687692e-16,0.022500000000000298,0.022500000000000114,0.023170528421403234,0.023170528421403234,5.225521552224742e-16,0.023170528421403606,0.023170528421402867,OK,False
23,23. 4.5V@ 25°C #3,4.5V@ 25°C #3,25.0,1,/content/drive/MyDrive/Battery raw data/RPT Data/23. 4.5V@ 25°C #3/1.csv,M02Ch090[090],90,1,8.0,10.0,discharge,0.024146317188185624,0.024146317188185624,0.02416827788519242,0.00046669095068789827,0.02366903357002373,0.024601640109340725,0.02366903357002373,0.024601640109340725,3,0.02525639743546998,0.024146317188185624,0.024034665538271317,37,39,1,0.09001500250041625,0.09001500250041625,2.651347637902923e-16,0.09001500250041607,0.09001500250041644,0.03149999999999996,0.03149999999999996,1.3256738189514616e-16,0.03150000000000005,0.03149999999999986,0.026499999999999673,0.026499999999999673,0.0,0.026499999999999673,0.026499999999999673,0.024495917347108525,0.024495917347108525,2.600465634695002e-16,0.02449591734710834,0.02449591734710871,0.0260000000000001,0.0260000000000001,0.0,0.0260000000000001,0.0260000000000001,0.02750000000000049,0.02750000000000049,2.6251129656189234e-16,0.027500000000000673,0.027500000000000302,0.025666666666666615,0.025666666666666615,2.6251129656189234e-16,0.02566666666666643,0.025666666666666803,0.02416666666666669,0.02416666666666669,1.3004642372687692e-16,0.02416666666666678,0.024166666666666597,0.023666666666667946,0.023666666666667946,2.6251129656189234e-16,0.023666666666668133,0.023666666666667762,OK,False
23,23. 4.5V@ 25°C #3,4.5V@ 25°C #3,25.0,2,/content/drive/MyDrive/Battery raw data/RPT Data/23. 4.5V@ 25°C #3/2.csv,M02Ch090[090],90,2,8.0,10.0,discharge,0.027068471231415505,0.027068471231415505,0.027068471231415554,0.0005000333355556497,0.02656843789585983,0.02756850456697113,0.02656843789585983,0.02756850456697113,3,0.028290475672825156,0.027068471231415505,0.026996100756506006,37,39,1,0.09150000000000075,0.09150000000000075,1.2794688166302258e-16,0.09150000000000084,0.09150000000000066,0.033999999999999864,0.033999999999999864,1.3256738189514616e-16,0.03399999999999977,0.03399999999999996,0.029166666666666972,0.029166666666666972,2.6251129656189234e-16,0.029166666666667156,0.029166666666666785,0.027666666666666583,0.027666666666666583,0.0,0.027666666666666583,0.027666666666666583,0.029833333333333472,0.029833333333333472,1.3247655120144353e-16,0.029833333333333566,0.02983333333333338,0.030833333333333823,0.030833333333333823,2.6251129656189234e-16,0.03083333333333364,0.03083333333333401,0.02750000000000049,0.02750000000000049,2.6251129656189234e-16,0.027500000000000673,0.027500000000000302,0.02783333333333397,0.02783333333333397,5.249996658723873e-16,0.02783333333333434,0.0278333333333336,0.02800000000000173,0.02800000000000173,5.249996658723873e-16,0.0280000000000021,0.028000000000001357,OK,False
23,23. 4.5V@ 25°C #3,4.5V@ 25°C #3,25.0,3,/content/drive/MyDrive/Battery raw data/RPT Data/23. 4.5V@ 25°C #3/3.csv,M02Ch090[090],90,3,8.0,10.0,discharge,0.03133438413273188,0.03133438413273188,0.03133333333333329,0.0005672180060198439,0.03076769225640849,0.03190212680845386,0.03076769225640849,0.03190212680845386,3,0.03274553596230988,0.03133438413273188,0.0313566043002024,37,39,1,0.08049999999999984,0.08049999999999984,2.5514002453611344e-16,0.08050000000000002,0.08049999999999966,0.035500000000000254,0.035500000000000254,1.3256738189514616e-16,0.03550000000000035,0.03550000000000016,0.033666666666666845,0.033666666666666845,2.6009284745375385e-16,0.03366666666666703,0.033666666666666664,0.033999999999999864,0.033999999999999864,1.3256738189514616e-16,0.03399999999999977,0.03399999999999996,0.0353333333333337,0.0353333333333337,2.6009284745375385e-16,0.035333333333333515,0.03533333333333388,0.03533333333333333,0.03533333333333333,2.6009284745375385e-16,0.035333333333333515,0.03533333333333315,0.032833333333332125,0.032833333333332125,2.6495310240288706e-16,0.03283333333333194,0.03283333333333231,0.03216666666666609,0.03216666666666609,5.200931269390004e-16,0.032166666666666455,0.03216666666666572,0.037499999999999756,0.037499999999999756,2.6009284745375385e-16,0.037499999999999575,0.03749999999999994,OK,False
24,24. 4.5V@ 25°C #4,4.5V@ 25°C #4,25.0,0,/content/drive/MyDrive/Battery raw data/RPT Data/24. 4.5V@ 25°C #4/0.csv,M01Ch020[020],20,0,8.0,10.0,discharge,0.022555555555555537,0.022555555555555537,0.022666666666666686,0.0005091750772173389,0.021999999999999947,0.022999999999999982,0.021999999999999947,0.022999999999999982,3,0.023333333333333327,0.022555555555555537,0.022277777777777768,37,39,1,0.08833333333333304,0.08833333333333304,2.651347637902923e-16,0.08833333333333286,0.08833333333333324,0.030000000000000398,0.030000000000000398,0.0,0.030000000000000398,0.030000000000000398,0.025000000000000116,0.025000000000000116,1.3247655120144353e-16,0.025000000000000022,0.02500000000000021,0.023333333333333633,0.023333333333333633,1.3247655120144353e-16,0.02333333333333354,0.023333333333333726,0.025000000000000116,0.025000000000000116,1.3247655120144353e-16,0.025000000000000022,0.02500000000000021,0.025000000000000116,0.025000000000000116,1.3247655120144353e-16,0.025000000000000022,0.02500000000000021,0.024999999999999283,0.024999999999999283,2.600465634695002e-16,0.0249999999999991,0.024999999999999467,0.02166666666666715,0.02166666666666715,1.3247655120144353e-16,0.021666666666667056,0.021666666666667243,0.023333333333334094,0.023333333333334094,5.225521552224742e-16,0.023333333333334465,0.023333333333333726,OK,False
24,24. 4.5V@ 25°C #4,4.5V@ 25°C #4,25.0,1,/content/drive/MyDrive/Battery raw data/RPT Data/24. 4.5V@ 25°C #4/1.csv,M01Ch020[020],20,1,8.0,10.0,discharge,0.023444444444444476,0.023444444444444476,0.023333333333333428,0.0005091750772173246,0.022999999999999982,0.02400000000000002,0.022999999999999982,0.02400000000000002,3,0.025000000000000012,0.023444444444444476,0.023722222222222224,37,39,1,0.08999999999999952,0.08999999999999952,2.651347637902923e-16,0.08999999999999934,0.08999999999999972,0.031666666666666884,0.031666666666666884,0.0,0.031666666666666884,0.031666666666666884,0.0266666666666666,0.0266666666666666,1.3247655120144353e-16,0.026666666666666505,0.026666666666666693,0.025000000000000116,0.025000000000000116,1.3247655120144353e-16,0.025000000000000022,0.02500000000000021,0.0266666666666666,0.0266666666666666,1.3247655120144353e-16,0.026666666666666505,0.026666666666666693,0.028333333333333082,0.028333333333333082,1.3247655120144353e-16,0.02833333333333299,0.028333333333333176,0.023333333333333633,0.023333333333333633,1.3247655120144353e-16,0.02333333333333354,0.023333333333333726,0.024999999999999283,0.024999999999999283,2.600465634695002e-16,0.0249999999999991,0.024999999999999467,0.023333333333334094,0.023333333333334094,5.225521552224742e-16,0.023333333333334465,0.023333333333333726,OK,False
24,24. 4.5V@ 25°C #4,4.5V@ 25°C #4,25.0,2,/content/drive/MyDrive/Battery raw data/RPT Data/24. 4.5V@ 25°C #4/2.csv,M01Ch020[020],20,2,8.0,10.0,discharge,0.02655555555555554,0.02655555555555554,0.02666666666666669,0.0005091750772173389,0.02599999999999995,0.026999999999999986,0.02599999999999995,0.026999999999999986,3,0.027999999999999973,0.02655555555555554,0.02661111111111109,37,39,1,0.09333333333333332,0.09333333333333332,1.2794688166302258e-16,0.09333333333333324,0.09333333333333342,0.03333333333333337,0.03333333333333337,0.0,0.03333333333333337,0.03333333333333337,0.029999999999999565,0.029999999999999565,1.3247655120144353e-16,0.02999999999999947,0.02999999999999966,0.028333333333333082,0.028333333333333082,1.3247655120144353e-16,0.02833333333333299,0.028333333333333176,0.029999999999999565,0.029999999999999565,1.3247655120144353e-16,0.02999999999999947,0.02999999999999966,0.030000000000000398,0.030000000000000398,0.0,0.030000000000000398,0.030000000000000398,0.0266666666666666,0.0266666666666666,1.3247655120144353e-16,0.026666666666666505,0.026666666666666693,0.02833333333333225,0.02833333333333225,2.600465634695002e-16,0.028333333333332066,0.028333333333332433,0.02833333333333225,0.02833333333333225,2.600465634695002e-16,0.028333333333332066,0.028333333333332433,OK,False
24,24. 4.5V@ 25°C #4,4.5V@ 25°C #4,25.0,3,/content/drive/MyDrive/Battery raw data/RPT Data/24. 4.5V@ 25°C #4/3.csv,M01Ch020[020],20,3,8.0,10.0,discharge,0.030111111111111147,0.030111111111111147,0.0300000000000001,0.0005091750772173231,0.029666666666666657,0.030666666666666693,0.029666666666666657,0.030666666666666693,3,0.031666666666666635,0.030111111111111147,0.030222222222222223,37,39,1,0.08666666666666656,0.08666666666666656,2.651347637902923e-16,0.08666666666666638,0.08666666666666675,0.03499999999999985,0.03499999999999985,0.0,0.03499999999999985,0.03499999999999985,0.031666666666666884,0.031666666666666884,0.0,0.031666666666666884,0.031666666666666884,0.03333333333333337,0.03333333333333337,0.0,0.03333333333333337,0.03333333333333337,0.03499999999999985,0.03499999999999985,0.0,0.03499999999999985,0.03499999999999985,0.03500000000000068,0.03500000000000068,1.3256738189514616e-16,0.035000000000000774,0.035000000000000586,0.031666666666666884,0.031666666666666884,0.0,0.031666666666666884,0.031666666666666884,0.031666666666666884,0.031666666666666884,0.0,0.031666666666666884,0.031666666666666884,0.03499999999999985,0.03499999999999985,0.0,0.03499999999999985,0.03499999999999985,OK,False
25,25. 45°C #1,45°C #1,45.0,0,/content/drive/MyDrive/Battery raw data/RPT Data/25. 45°C #1/0.csv,M02Ch073[073],73,0,8.0,10.0,discharge,0.023111111111111127,0.023111111111111127,0.022999999999999982,0.0005091750772173409,0.022666666666666686,0.023666666666666725,0.022666666666666686,0.023666666666666725,3,0.02399999999999997,0.023111111111111127,0.022888888888888886,37,39,1,0.09166666666666684,0.09166666666666684,1.2794688166302258e-16,0.09166666666666676,0.09166666666666694,0.029999999999999565,0.029999999999999565,1.3247655120144353e-16,0.02999999999999947,0.02999999999999966,0.025000000000000116,0.025000000000000116,1.3247655120144353e-16,0.025000000000000022,0.02500000000000021,0.025000000000000116,0.025000000000000116,1.3247655120144353e-16,0.025000000000000022,0.02500000000000021,0.0233333333333328,0.0233333333333328,2.600465634695002e-16,0.023333333333332616,0.023333333333332984,0.0266666666666666,0.0266666666666666,1.3247655120144353e-16,0.026666666666666505,0.026666666666666693,0.0266666666666666,0.0266666666666666,1.3247655120144353e-16,0.026666666666666505,0.026666666666666693,0.021666666666666317,0.021666666666666317,2.600465634695002e-16,0.021666666666666133,0.0216666666666665,0.023333333333334094,0.023333333333334094,5.225521552224742e-16,0.023333333333334465,0.023333333333333726,OK,False
25,25. 45°C #1,45°C #1,45.0,1,/content/drive/MyDrive/Battery raw data/RPT Data/25. 45°C #1/1.csv,M01Ch033[033],33,1,8.0,10.0,discharge,0.023666666666666673,0.023666666666666673,0.023666666666666725,0.0003333333333333712,0.02333333333333328,0.02400000000000002,0.02333333333333328,0.02400000000000002,3,0.024777777777777763,0.023666666666666673,0.023555555555555552,37,39,1,0.08999999999999952,0.08999999999999952,2.651347637902923e-16,0.08999999999999934,0.08999999999999972,0.031666666666666884,0.031666666666666884,0.0,0.031666666666666884,0.031666666666666884,0.0266666666666666,0.0266666666666666,1.3247655120144353e-16,0.026666666666666505,0.026666666666666693,0.0233333333333328,0.0233333333333328,2.600465634695002e-16,0.023333333333332616,0.023333333333332984,0.0266666666666666,0.0266666666666666,1.3247655120144353e-16,0.026666666666666505,0.026666666666666693,0.0266666666666666,0.0266666666666666,1.3247655120144353e-16,0.026666666666666505,0.026666666666666693,0.025000000000000116,0.025000000000000116,1.3247655120144353e-16,0.025000000000000022,0.02500000000000021,0.023333333333333633,0.023333333333333633,1.3247655120144353e-16,0.02333333333333354,0.023333333333333726,0.023333333333334094,0.023333333333334094,5.225521552224742e-16,0.023333333333334465,0.023333333333333726,OK,False
25,25. 45°C #1,45°C #1,45.0,2,/content/drive/MyDrive/Battery raw data/RPT Data/25. 45°C #1/2.csv,M01Ch033[033],33,2,8.0,10.0,discharge,0.024777777777777815,0.024777777777777815,0.024666666666666764,0.0005091750772173246,0.024333333333333318,0.025333333333333357,0.024333333333333318,0.025333333333333357,3,0.025666666666666702,0.024777777777777815,0.02472222222222224,37,39,1,0.09166666666666684,0.09166666666666684,1.2794688166302258e-16,0.09166666666666676,0.09166666666666694,0.031666666666666884,0.031666666666666884,0.0,0.031666666666666884,0.031666666666666884,0.0266666666666666,0.0266666666666666,1.3247655120144353e-16,0.026666666666666505,0.026666666666666693,0.024999999999999283,0.024999999999999283,2.600465634695002e-16,0.0249999999999991,0.024999999999999467,0.0266666666666666,0.0266666666666666,1.3247655120144353e-16,0.026666666666666505,0.026666666666666693,0.0266666666666666,0.0266666666666666,1.3247655120144353e-16,0.026666666666666505,0.026666666666666693,0.025000000000000116,0.025000000000000116,1.3247655120144353e-16,0.025000000000000022,0.02500000000000021,0.02666666666666706,0.02666666666666706,5.225521552224742e-16,0.02666666666666743,0.026666666666666693,0.02500000000000095,0.02500000000000095,0.0,0.02500000000000095,0.02500000000000095,OK,False
25,25. 45°C #1,45°C #1,45.0,3,/content/drive/MyDrive/Battery raw data/RPT Data/25. 45°C #1/3.csv,M01Ch033[033],33,3,8.0,10.0,discharge,0.025888888888888947,0.025888888888888947,0.026000000000000096,0.0005091750772173389,0.025333333333333357,0.026333333333333393,0.025333333333333357,0.026333333333333393,3,0.02666666666666664,0.025888888888888947,0.025611111111111126,37,39,1,0.09166666666666684,0.09166666666666684,1.2794688166302258e-16,0.09166666666666676,0.09166666666666694,0.031666666666666884,0.031666666666666884,0.0,0.031666666666666884,0.031666666666666884,0.028333333333333915,0.028333333333333915,0.0,0.028333333333333915,0.028333333333333915,0.0266666666666666,0.0266666666666666,1.3247655120144353e-16,0.026666666666666505,0.026666666666666693,0.028333333333333915,0.028333333333333915,0.0,0.028333333333333915,0.028333333333333915,0.029999999999999565,0.029999999999999565,1.3247655120144353e-16,0.02999999999999947,0.02999999999999966,0.025000000000000116,0.025000000000000116,1.3247655120144353e-16,0.025000000000000022,0.02500000000000021,0.02666666666666706,0.02666666666666706,5.225521552224742e-16,0.02666666666666743,0.026666666666666693,0.02500000000000095,0.02500000000000095,0.0,0.02500000000000095,0.02500000000000095,OK,False
25,25. 45°C #1,45°C #1,45.0,4,/content/drive/MyDrive/Battery raw data/RPT Data/25. 45°C #1/4.csv,M01Ch033[033],33,4,8.0,10.0,discharge,0.026777777777777834,0.026777777777777834,0.02666666666666669,0.0005091750772173409,0.026333333333333393,0.02733333333333343,0.026333333333333393,0.02733333333333343,3,0.027999999999999924,0.026777777777777834,0.026722222222222217,37,39,1,0.0949999999999998,0.0949999999999998,1.2794688166302258e-16,0.09499999999999972,0.0949999999999999,0.03333333333333337,0.03333333333333337,0.0,0.03333333333333337,0.03333333333333337,0.028333333333333082,0.028333333333333082,1.3247655120144353e-16,0.02833333333333299,0.028333333333333176,0.028333333333333082,0.028333333333333082,1.3247655120144353e-16,0.02833333333333299,0.028333333333333176,0.029999999999999565,0.029999999999999565,1.3247655120144353e-16,0.02999999999999947,0.02999999999999966,0.029999999999999565,0.029999999999999565,1.3247655120144353e-16,0.02999999999999947,0.02999999999999966,0.0266666666666666,0.0266666666666666,1.3247655120144353e-16,0.026666666666666505,0.026666666666666693,0.02666666666666706,0.02666666666666706,5.225521552224742e-16,0.02666666666666743,0.026666666666666693,0.028333333333333915,0.028333333333333915,0.0,0.028333333333333915,0.028333333333333915,OK,False
25,25. 45°C #1,45°C #1,45.0,5,/content/drive/MyDrive/Battery raw data/RPT Data/25. 45°C #1/5.csv,M01Ch033[033],33,5,8.0,10.0,discharge,0.028111111111111173,0.028111111111111173,0.028000000000000025,0.0005091750772173409,0.027666666666666728,0.028666666666666767,0.027666666666666728,0.028666666666666767,3,0.028666666666666566,0.028111111111111173,0.027722222222222204,37,39,1,0.09666666666666712,0.09666666666666712,0.0,0.09666666666666712,0.09666666666666712,0.03333333333333337,0.03333333333333337,0.0,0.03333333333333337,0.03333333333333337,0.029999999999999565,0.029999999999999565,1.3247655120144353e-16,0.02999999999999947,0.02999999999999966,0.028333333333333082,0.028333333333333082,1.3247655120144353e-16,0.02833333333333299,0.028333333333333176,0.03166666666666605,0.03166666666666605,1.3256738189514616e-16,0.031666666666665955,0.03166666666666614,0.031666666666666884,0.031666666666666884,0.0,0.031666666666666884,0.031666666666666884,0.028333333333333082,0.028333333333333082,1.3247655120144353e-16,0.02833333333333299,0.028333333333333176,0.028333333333333915,0.028333333333333915,0.0,0.028333333333333915,0.028333333333333915,0.030000000000000027,0.030000000000000027,5.225521552224742e-16,0.030000000000000398,0.02999999999999966,OK,False
25,25. 45°C #1,45°C #1,45.0,6,/content/drive/MyDrive/Battery raw data/RPT Data/25. 45°C #1/6.csv,M01Ch033[033],33,6,8.0,10.0,discharge,0.030022877821484394,0.030022877821484394,0.030033333333333356,0.0005157627564661225,0.029501966797786452,0.030533333333333374,0.029501966797786452,0.030533333333333374,3,0.03057540648767521,0.030022877821484394,0.0296491732656057,37,39,1,0.09816666666666668,0.09816666666666668,1.2794688166302258e-16,0.09816666666666678,0.0981666666666666,0.03516666666666678,0.03516666666666678,1.3256738189514616e-16,0.03516666666666668,0.03516666666666687,0.03200000000000036,0.03200000000000036,2.6009284745375385e-16,0.03200000000000055,0.03200000000000018,0.03099999999999955,0.03099999999999955,0.0,0.03099999999999955,0.03099999999999955,0.032999999999999884,0.032999999999999884,2.6495310240288706e-16,0.032999999999999696,0.03300000000000007,0.033666666666666845,0.033666666666666845,2.6009284745375385e-16,0.03366666666666703,0.033666666666666664,0.0313333333333334,0.0313333333333334,2.6495310240288706e-16,0.03133333333333321,0.03133333333333359,0.031666666666666884,0.031666666666666884,0.0,0.031666666666666884,0.031666666666666884,0.03649999999999894,0.03649999999999894,5.200931269390004e-16,0.036499999999998575,0.03649999999999931,OK,False
25,25. 45°C #1,45°C #1,45.0,7,/content/drive/MyDrive/Battery raw data/RPT Data/25. 45°C #1/7.csv,M02Ch073[073],73,7,8.0,10.0,discharge,0.032231196461837676,0.032231196461837676,0.032231184587694084,0.0005343720820401293,0.03169683031696829,0.03276557448085066,0.03169683031696829,0.03276557448085066,3,0.03257165165240692,0.032231196461837676,0.0317015236294177,37,39,1,0.10250000000000001,0.10250000000000001,2.651347637902923e-16,0.10249999999999981,0.10250000000000019,0.036821059646784324,0.036821059646784324,1.3256738189514616e-16,0.036821059646784234,0.03682105964678442,0.03466666666666637,0.03466666666666637,2.6495310240288706e-16,0.03466666666666618,0.034666666666666554,0.033827695384102255,0.033827695384102255,0.0,0.033827695384102255,0.033827695384102255,0.03583333333333327,0.03583333333333327,2.6009284745375385e-16,0.03583333333333309,0.03583333333333346,0.03650000000000024,0.03650000000000024,2.6009284745375385e-16,0.03650000000000042,0.03650000000000005,0.03399433427761943,0.03399433427761943,2.6009284745375385e-16,0.03399433427761925,0.033994334277619616,0.03482752874520956,0.03482752874520956,2.6009284745375385e-16,0.03482752874520974,0.03482752874520937,0.04366666666666574,0.04366666666666574,2.6009284745375385e-16,0.04366666666666593,0.04366666666666556,OK,False
